,id,hospcode,areacode,date_com,b_year,sex,groupcode298,result
71680,87af734bc7575ecba528b7c9dba063bb,10757,12030103,202311141327,2566,1,169,601
71681,87af734bc7575ecba528b7c9dba063bb,10757,12030103,202311141327,2566,2,169,576
75940,87af734bc7575ecba528b7c9dba063bb,10757,12030103,202311141327,2566,2,217,179
75941,87af734bc7575ecba528b7c9dba063bb,10757,12030103,202311141327,2566,2,239,156
75942,87af734bc7575ecba528b7c9dba063bb,10757,12030103,202311141327,2566,2,151,144
75943,87af734bc7575ecba528b7c9dba063bb,10757,12030103,202311141327,2566,1,32,134
75944,87af734bc7575ecba528b7c9dba063bb,10757,12030103,202311141327,2566,2,17,132
75945,87af734bc7575ecba528b7c9dba063bb,10757,12030103,202311141327,2566,1,281,127
75946,87af734bc7575ecba528b7c9dba063bb,10757,12030103,202311141327,2566,2,242,126
75947,87af734bc7575ecba528b7c9dba063bb,10757,12030103,202311141327,2566,2,104,124
75948,87af734bc7575ecba528b7c9dba063bb,10757,12030103,202311141327,2566,2,98,120
75949,87af734bc7575ecba528b7c9dba063bb,10757,12030103,202311141327,2566,2,32,113
75950,87af734bc7575ecba528b7c9dba063bb,10757,12030103,202311141327,2566,1,170,106
75951,87af734bc7575ecba528b7c9dba063bb,10757,12030103,202311141327,2566,1,17,103
75952,87af734bc7575ecba528b7c9dba063bb,10757,12030103,202311141327,2566,2,111,98
75953,87af734bc7575ecba528b7c9dba063bb,10757,12030103,202311141327,2566,2,170,97
75954,87af734bc7575ecba528b7c9dba063bb,10757,12030103,202311141327,2566,1,155,92
75955,87af734bc7575ecba528b7c9dba063bb,10757,12030103,202311141327,2566,1,175,91
75957,87af734bc7575ecba528b7c9dba063bb,10757,12030103,202311141327,2566,1,154,87
75958,87af734bc7575ecba528b7c9dba063bb,10757,12030103,202311141327,2566,1,124,85
76620,87af734bc7575ecba528b7c9dba063bb,10757,12030103,202311141327,2566,2,155,84
76621,87af734bc7575ecba528b7c9dba063bb,10757,12030103,202311141327,2566,1,151,84
76622,87af734bc7575ecba528b7c9dba063bb,10757,12030103,202311141327,2566,1,98,82
76850,87af734bc7575ecba528b7c9dba063bb,10757,12030103,202311141327,2566,1,217,80
76852,87af734bc7575ecba528b7c9dba063bb,10757,12030103,202311141327,2566,1,274,80
76853,87af734bc7575ecba528b7c9dba063bb,10757,12030103,202311141327,2566,2,198,76
76855,87af734bc7575ecba528b7c9dba063bb,10757,12030103,202311141327,2566,1,253,73
76856,87af734bc7575ecba528b7c9dba063bb,10757,12030103,202311141327,2566,1,197,72
76858,87af734bc7575ecba528b7c9dba063bb,10757,12030103,202311141327,2566,1,104,71
78268,87af734bc7575ecba528b7c9dba063bb,10757,12030103,202311141327,2566,1,198,68
78269,87af734bc7575ecba528b7c9dba063bb,10757,12030103,202311141327,2566,2,244,66
78271,87af734bc7575ecba528b7c9dba063bb,10757,12030103,202311141327,2566,2,195,64
78273,87af734bc7575ecba528b7c9dba063bb,10757,12030103,202311141327,2566,1,111,61
78275,87af734bc7575ecba528b7c9dba063bb,10757,12030103,202311141327,2566,2,167,60
78276,87af734bc7575ecba528b7c9dba063bb,10757,12030103,202311141327,2566,1,167,56
78277,87af734bc7575ecba528b7c9dba063bb,10757,12030103,202311141327,2566,2,233,53
78279,87af734bc7575ecba528b7c9dba063bb,10757,12030103,202311141327,2566,2,154,53
78281,87af734bc7575ecba528b7c9dba063bb,10757,12030103,202311141327,2566,2,253,52
78282,87af734bc7575ecba528b7c9dba063bb,10757,12030103,202311141327,2566,1,195,51
78283,87af734bc7575ecba528b7c9dba063bb,10757,12030103,202311141327,2566,1,278,48
78285,87af734bc7575ecba528b7c9dba063bb,10757,12030103,202311141327,2566,2,197,47
78287,87af734bc7575ecba528b7c9dba063bb,10757,12030103,202311141327,2566,2,213,46
78289,87af734bc7575ecba528b7c9dba063bb,10757,12030103,202311141327,2566,1,287,46
78292,87af734bc7575ecba528b7c9dba063bb,10757,12030103,202311141327,2566,1,176,45
78294,87af734bc7575ecba528b7c9dba063bb,10757,12030103,202311141327,2566,2,284,45
78296,87af734bc7575ecba528b7c9dba063bb,10757,12030103,202311141327,2566,2,176,44
78298,87af734bc7575ecba528b7c9dba063bb,10757,12030103,202311141327,2566,2,230,44
78299,87af734bc7575ecba528b7c9dba063bb,10757,12030103,202311141327,2566,2,184,43
78300,87af734bc7575ecba528b7c9dba063bb,10757,12030103,202311141327,2566,2,281,41
78301,87af734bc7575ecba528b7c9dba063bb,10757,12030103,202311141327,2566,1,7,38
78302,87af734bc7575ecba528b7c9dba063bb,10757,12030103,202311141327,2566,2,287,38
78303,87af734bc7575ecba528b7c9dba063bb,10757,12030103,202311141327,2566,2,234,38
78304,87af734bc7575ecba528b7c9dba063bb,10757,12030103,202311141327,2566,2,278,37
78305,87af734bc7575ecba528b7c9dba063bb,10757,12030103,202311141327,2566,1,179,35
78306,87af734bc7575ecba528b7c9dba063bb,10757,12030103,202311141327,2566,1,192,34
78771,87af734bc7575ecba528b7c9dba063bb,10757,12030103,202311141327,2566,2,267,33
78773,87af734bc7575ecba528b7c9dba063bb,10757,12030103,202311141327,2566,1,272,33
78774,87af734bc7575ecba528b7c9dba063bb,10757,12030103,202311141327,2566,2,179,33
78775,87af734bc7575ecba528b7c9dba063bb,10757,12030103,202311141327,2566,1,184,33
78777,87af734bc7575ecba528b7c9dba063bb,10757,12030103,202311141327,2566,2,147,31
78778,87af734bc7575ecba528b7c9dba063bb,10757,12030103,202311141327,2566,1,113,31
79839,87af734bc7575ecba528b7c9dba063bb,10757,12030103,202311141327,2566,2,246,31
79840,87af734bc7575ecba528b7c9dba063bb,10757,12030103,202311141327,2566,1,285,30
80858,87af734bc7575ecba528b7c9dba063bb,10757,12030103,202311141327,2566,2,124,30
80859,87af734bc7575ecba528b7c9dba063bb,10757,12030103,202311141327,2566,2,192,30
80860,87af734bc7575ecba528b7c9dba063bb,10757,12030103,202311141327,2566,2,214,29
80861,87af734bc7575ecba528b7c9dba063bb,10757,12030103,202311141327,2566,1,153,29
80862,87af734bc7575ecba528b7c9dba063bb,10757,12030103,202311141327,2566,1,246,28
80863,87af734bc7575ecba528b7c9dba063bb,10757,12030103,202311141327,2566,1,214,28
80864,87af734bc7575ecba528b7c9dba063bb,10757,12030103,202311141327,2566,1,183,28
80865,87af734bc7575ecba528b7c9dba063bb,10757,12030103,202311141327,2566,2,150,27
80866,87af734bc7575ecba528b7c9dba063bb,10757,12030103,202311141327,2566,1,129,27
80867,87af734bc7575ecba528b7c9dba063bb,10757,12030103,202311141327,2566,1,145,27
80868,87af734bc7575ecba528b7c9dba063bb,10757,12030103,202311141327,2566,1,284,27
80869,87af734bc7575ecba528b7c9dba063bb,10757,12030103,202311141327,2566,1,63,26
80870,87af734bc7575ecba528b7c9dba063bb,10757,12030103,202311141327,2566,2,285,25
80871,87af734bc7575ecba528b7c9dba063bb,10757,12030103,202311141327,2566,2,236,25
80872,87af734bc7575ecba528b7c9dba063bb,10757,12030103,202311141327,2566,1,150,25
80873,87af734bc7575ecba528b7c9dba063bb,10757,12030103,202311141327,2566,2,237,25
80874,87af734bc7575ecba528b7c9dba063bb,10757,12030103,202311141327,2566,2,153,24
80875,87af734bc7575ecba528b7c9dba063bb,10757,12030103,202311141327,2566,2,145,24
80886,87af734bc7575ecba528b7c9dba063bb,10757,12030103,202311141327,2566,1,147,23
80904,87af734bc7575ecba528b7c9dba063bb,10757,12030103,202311141327,2566,1,267,23
80905,87af734bc7575ecba528b7c9dba063bb,10757,12030103,202311141327,2566,2,216,23
80906,87af734bc7575ecba528b7c9dba063bb,10757,12030103,202311141327,2566,2,175,22
80907,87af734bc7575ecba528b7c9dba063bb,10757,12030103,202311141327,2566,1,41,22
80908,87af734bc7575ecba528b7c9dba063bb,10757,12030103,202311141327,2566,2,231,21
80909,87af734bc7575ecba528b7c9dba063bb,10757,12030103,202311141327,2566,2,41,21
80910,87af734bc7575ecba528b7c9dba063bb,10757,12030103,202311141327,2566,1,273,20
80911,87af734bc7575ecba528b7c9dba063bb,10757,12030103,202311141327,2566,2,92,19
80912,87af734bc7575ecba528b7c9dba063bb,10757,12030103,202311141327,2566,1,288,19
80913,87af734bc7575ecba528b7c9dba063bb,10757,12030103,202311141327,2566,1,6,18
80914,87af734bc7575ecba528b7c9dba063bb,10757,12030103,202311141327,2566,2,183,18
80915,87af734bc7575ecba528b7c9dba063bb,10757,12030103,202311141327,2566,2,274,18
80916,87af734bc7575ecba528b7c9dba063bb,10757,12030103,202311141327,2566,1,165,18
80917,87af734bc7575ecba528b7c9dba063bb,10757,12030103,202311141327,2566,1,249,18
80918,87af734bc7575ecba528b7c9dba063bb,10757,12030103,202311141327,2566,2,156,17
80919,87af734bc7575ecba528b7c9dba063bb,10757,12030103,202311141327,2566,2,240,16
81997,87af734bc7575ecba528b7c9dba063bb,10757,12030103,202311141327,2566,2,42,16
81998,87af734bc7575ecba528b7c9dba063bb,10757,12030103,202311141327,2566,2,168,16
81999,87af734bc7575ecba528b7c9dba063bb,10757,12030103,202311141327,2566,2,227,16
82000,87af734bc7575ecba528b7c9dba063bb,10757,12030103,202311141327,2566,2,250,15
82001,87af734bc7575ecba528b7c9dba063bb,10757,12030103,202311141327,2566,1,168,15
82002,87af734bc7575ecba528b7c9dba063bb,10757,12030103,202311141327,2566,1,194,15
82003,87af734bc7575ecba528b7c9dba063bb,10757,12030103,202311141327,2566,1,280,15
82004,87af734bc7575ecba528b7c9dba063bb,10757,12030103,202311141327,2566,1,196,14
82005,87af734bc7575ecba528b7c9dba063bb,10757,12030103,202311141327,2566,1,207,14
82006,87af734bc7575ecba528b7c9dba063bb,10757,12030103,202311141327,2566,2,6,14
82007,87af734bc7575ecba528b7c9dba063bb,10757,12030103,202311141327,2566,1,156,14
82008,87af734bc7575ecba528b7c9dba063bb,10757,12030103,202311141327,2566,1,120,13
82009,87af734bc7575ecba528b7c9dba063bb,10757,12030103,202311141327,2566,2,273,13
82010,87af734bc7575ecba528b7c9dba063bb,10757,12030103,202311141327,2566,2,194,13
82011,87af734bc7575ecba528b7c9dba063bb,10757,12030103,202311141327,2566,1,216,13
82012,87af734bc7575ecba528b7c9dba063bb,10757,12030103,202311141327,2566,2,129,13
82013,87af734bc7575ecba528b7c9dba063bb,10757,12030103,202311141327,2566,2,199,12
82014,87af734bc7575ecba528b7c9dba063bb,10757,12030103,202311141327,2566,2,7,12
82015,87af734bc7575ecba528b7c9dba063bb,10757,12030103,202311141327,2566,1,185,12
82016,87af734bc7575ecba528b7c9dba063bb,10757,12030103,202311141327,2566,1,193,12
82017,87af734bc7575ecba528b7c9dba063bb,10757,12030103,202311141327,2566,2,142,12
82018,87af734bc7575ecba528b7c9dba063bb,10757,12030103,202311141327,2566,1,164,12
82019,87af734bc7575ecba528b7c9dba063bb,10757,12030103,202311141327,2566,2,19,12
82020,87af734bc7575ecba528b7c9dba063bb,10757,12030103,202311141327,2566,1,213,12
82021,87af734bc7575ecba528b7c9dba063bb,10757,12030103,202311141327,2566,2,67,12
82022,87af734bc7575ecba528b7c9dba063bb,10757,12030103,202311141327,2566,2,288,12
82023,87af734bc7575ecba528b7c9dba063bb,10757,12030103,202311141327,2566,1,271,11
82024,87af734bc7575ecba528b7c9dba063bb,10757,12030103,202311141327,2566,2,120,11
82025,87af734bc7575ecba528b7c9dba063bb,10757,12030103,202311141327,2566,1,199,11
82026,87af734bc7575ecba528b7c9dba063bb,10757,12030103,202311141327,2566,1,96,11
82027,87af734bc7575ecba528b7c9dba063bb,10757,12030103,202311141327,2566,1,19,11
82028,87af734bc7575ecba528b7c9dba063bb,10757,12030103,202311141327,2566,2,185,11
82029,87af734bc7575ecba528b7c9dba063bb,10757,12030103,202311141327,2566,2,126,10
82030,87af734bc7575ecba528b7c9dba063bb,10757,12030103,202311141327,2566,2,61,10
82031,87af734bc7575ecba528b7c9dba063bb,10757,12030103,202311141327,2566,1,39,10
82032,87af734bc7575ecba528b7c9dba063bb,10757,12030103,202311141327,2566,2,97,10
82033,87af734bc7575ecba528b7c9dba063bb,10757,12030103,202311141327,2566,2,226,9
82034,87af734bc7575ecba528b7c9dba063bb,10757,12030103,202311141327,2566,2,249,9
82035,87af734bc7575ecba528b7c9dba063bb,10757,12030103,202311141327,2566,2,165,8
82036,87af734bc7575ecba528b7c9dba063bb,10757,12030103,202311141327,2566,1,42,8
82037,87af734bc7575ecba528b7c9dba063bb,10757,12030103,202311141327,2566,2,116,8
82038,87af734bc7575ecba528b7c9dba063bb,10757,12030103,202311141327,2566,2,96,8
82039,87af734bc7575ecba528b7c9dba063bb,10757,12030103,202311141327,2566,1,200,8
82040,87af734bc7575ecba528b7c9dba063bb,10757,12030103,202311141327,2566,2,272,8
82041,87af734bc7575ecba528b7c9dba063bb,10757,12030103,202311141327,2566,2,190,8
82042,87af734bc7575ecba528b7c9dba063bb,10757,12030103,202311141327,2566,1,67,7
82043,87af734bc7575ecba528b7c9dba063bb,10757,12030103,202311141327,2566,1,18,7
82044,87af734bc7575ecba528b7c9dba063bb,10757,12030103,202311141327,2566,2,207,7
82045,87af734bc7575ecba528b7c9dba063bb,10757,12030103,202311141327,2566,1,126,7
82046,87af734bc7575ecba528b7c9dba063bb,10757,12030103,202311141327,2566,2,113,7
82047,87af734bc7575ecba528b7c9dba063bb,10757,12030103,202311141327,2566,2,228,7
82048,87af734bc7575ecba528b7c9dba063bb,10757,12030103,202311141327,2566,2,133,7
82049,87af734bc7575ecba528b7c9dba063bb,10757,12030103,202311141327,2566,1,212,7
82055,87af734bc7575ecba528b7c9dba063bb,10757,12030103,202311141327,2566,2,204,7
82056,87af734bc7575ecba528b7c9dba063bb,10757,12030103,202311141327,2566,2,148,7
82057,87af734bc7575ecba528b7c9dba063bb,10757,12030103,202311141327,2566,1,163,6
82058,87af734bc7575ecba528b7c9dba063bb,10757,12030103,202311141327,2566,1,250,6
82059,87af734bc7575ecba528b7c9dba063bb,10757,12030103,202311141327,2566,2,63,6
82060,87af734bc7575ecba528b7c9dba063bb,10757,12030103,202311141327,2566,1,84,6
82061,87af734bc7575ecba528b7c9dba063bb,10757,12030103,202311141327,2566,1,251,6
82062,87af734bc7575ecba528b7c9dba063bb,10757,12030103,202311141327,2566,1,279,6
82063,87af734bc7575ecba528b7c9dba063bb,10757,12030103,202311141327,2566,1,61,6
82968,87af734bc7575ecba528b7c9dba063bb,10757,12030103,202311141327,2566,2,164,6
82969,87af734bc7575ecba528b7c9dba063bb,10757,12030103,202311141327,2566,2,152,5
82970,87af734bc7575ecba528b7c9dba063bb,10757,12030103,202311141327,2566,2,196,5
82971,87af734bc7575ecba528b7c9dba063bb,10757,12030103,202311141327,2566,2,161,5
83016,87af734bc7575ecba528b7c9dba063bb,10757,12030103,202311141327,2566,1,77,5
83017,87af734bc7575ecba528b7c9dba063bb,10757,12030103,202311141327,2566,1,190,5
83018,87af734bc7575ecba528b7c9dba063bb,10757,12030103,202311141327,2566,1,58,5
83019,87af734bc7575ecba528b7c9dba063bb,10757,12030103,202311141327,2566,2,57,5
83020,87af734bc7575ecba528b7c9dba063bb,10757,12030103,202311141327,2566,2,271,5
83021,87af734bc7575ecba528b7c9dba063bb,10757,12030103,202311141327,2566,2,76,5
83022,87af734bc7575ecba528b7c9dba063bb,10757,12030103,202311141327,2566,2,280,5
83023,87af734bc7575ecba528b7c9dba063bb,10757,12030103,202311141327,2566,1,148,5
83024,87af734bc7575ecba528b7c9dba063bb,10757,12030103,202311141327,2566,1,99,5
83025,87af734bc7575ecba528b7c9dba063bb,10757,12030103,202311141327,2566,2,99,5
83026,87af734bc7575ecba528b7c9dba063bb,10757,12030103,202311141327,2566,1,161,5
83027,87af734bc7575ecba528b7c9dba063bb,10757,12030103,202311141327,2566,1,59,5
83028,87af734bc7575ecba528b7c9dba063bb,10757,12030103,202311141327,2566,1,114,5
83029,87af734bc7575ecba528b7c9dba063bb,10757,12030103,202311141327,2566,2,149,4
83030,87af734bc7575ecba528b7c9dba063bb,10757,12030103,202311141327,2566,2,60,4
83031,87af734bc7575ecba528b7c9dba063bb,10757,12030103,202311141327,2566,1,8,4
83032,87af734bc7575ecba528b7c9dba063bb,10757,12030103,202311141327,2566,2,177,4
83033,87af734bc7575ecba528b7c9dba063bb,10757,12030103,202311141327,2566,2,191,4
83034,87af734bc7575ecba528b7c9dba063bb,10757,12030103,202311141327,2566,1,215,4
83035,87af734bc7575ecba528b7c9dba063bb,10757,12030103,202311141327,2566,1,80,4
83339,87af734bc7575ecba528b7c9dba063bb,10757,12030103,202311141327,2566,2,229,4
83340,87af734bc7575ecba528b7c9dba063bb,10757,12030103,202311141327,2566,1,152,4
83472,87af734bc7575ecba528b7c9dba063bb,10757,12030103,202311141327,2566,2,119,4
83519,87af734bc7575ecba528b7c9dba063bb,10757,12030103,202311141327,2566,1,97,4
83520,87af734bc7575ecba528b7c9dba063bb,10757,12030103,202311141327,2566,2,18,4
83521,87af734bc7575ecba528b7c9dba063bb,10757,12030103,202311141327,2566,2,39,4
83527,87af734bc7575ecba528b7c9dba063bb,10757,12030103,202311141327,2566,2,203,3
83528,87af734bc7575ecba528b7c9dba063bb,10757,12030103,202311141327,2566,2,103,3
83529,87af734bc7575ecba528b7c9dba063bb,10757,12030103,202311141327,2566,1,142,3
83530,87af734bc7575ecba528b7c9dba063bb,10757,12030103,202311141327,2566,2,235,3
83734,87af734bc7575ecba528b7c9dba063bb,10757,12030103,202311141327,2566,2,251,3
84151,87af734bc7575ecba528b7c9dba063bb,10757,12030103,202311141327,2566,2,163,3
84152,87af734bc7575ecba528b7c9dba063bb,10757,12030103,202311141327,2566,2,73,3
84153,87af734bc7575ecba528b7c9dba063bb,10757,12030103,202311141327,2566,1,283,3
84283,87af734bc7575ecba528b7c9dba063bb,10757,12030103,202311141327,2566,2,283,3
84977,87af734bc7575ecba528b7c9dba063bb,10757,12030103,202311141327,2566,1,34,3
85850,87af734bc7575ecba528b7c9dba063bb,10757,12030103,202311141327,2566,2,74,3
85904,87af734bc7575ecba528b7c9dba063bb,10757,12030103,202311141327,2566,2,212,3
85905,87af734bc7575ecba528b7c9dba063bb,10757,12030103,202311141327,2566,1,189,3
85907,87af734bc7575ecba528b7c9dba063bb,10757,12030103,202311141327,2566,1,146,3
85909,87af734bc7575ecba528b7c9dba063bb,10757,12030103,202311141327,2566,1,57,2
85910,87af734bc7575ecba528b7c9dba063bb,10757,12030103,202311141327,2566,1,115,2
85911,87af734bc7575ecba528b7c9dba063bb,10757,12030103,202311141327,2566,1,264,2
85913,87af734bc7575ecba528b7c9dba063bb,10757,12030103,202311141327,2566,1,38,2
85914,87af734bc7575ecba528b7c9dba063bb,10757,12030103,202311141327,2566,2,189,2
85916,87af734bc7575ecba528b7c9dba063bb,10757,12030103,202311141327,2566,1,160,2
85917,87af734bc7575ecba528b7c9dba063bb,10757,12030103,202311141327,2566,2,238,2
85920,87af734bc7575ecba528b7c9dba063bb,10757,12030103,202311141327,2566,1,247,2
85921,87af734bc7575ecba528b7c9dba063bb,10757,12030103,202311141327,2566,1,186,2
85923,87af734bc7575ecba528b7c9dba063bb,10757,12030103,202311141327,2566,1,171,2
85925,87af734bc7575ecba528b7c9dba063bb,10757,12030103,202311141327,2566,1,222,2
85926,87af734bc7575ecba528b7c9dba063bb,10757,12030103,202311141327,2566,2,259,2
85928,87af734bc7575ecba528b7c9dba063bb,10757,12030103,202311141327,2566,1,102,2
85929,87af734bc7575ecba528b7c9dba063bb,10757,12030103,202311141327,2566,1,174,2
85931,87af734bc7575ecba528b7c9dba063bb,10757,12030103,202311141327,2566,1,263,2
85932,87af734bc7575ecba528b7c9dba063bb,10757,12030103,202311141327,2566,2,201,2
85933,87af734bc7575ecba528b7c9dba063bb,10757,12030103,202311141327,2566,1,119,2
85935,87af734bc7575ecba528b7c9dba063bb,10757,12030103,202311141327,2566,2,102,2
85936,87af734bc7575ecba528b7c9dba063bb,10757,12030103,202311141327,2566,1,133,2
85938,87af734bc7575ecba528b7c9dba063bb,10757,12030103,202311141327,2566,2,84,2
85939,87af734bc7575ecba528b7c9dba063bb,10757,12030103,202311141327,2566,2,34,2
85940,87af734bc7575ecba528b7c9dba063bb,10757,12030103,202311141327,2566,1,203,2
85985,87af734bc7575ecba528b7c9dba063bb,10757,12030103,202311141327,2566,2,146,2
85986,87af734bc7575ecba528b7c9dba063bb,10757,12030103,202311141327,2566,1,211,1
85988,87af734bc7575ecba528b7c9dba063bb,10757,12030103,202311141327,2566,2,193,1
85990,87af734bc7575ecba528b7c9dba063bb,10757,12030103,202311141327,2566,2,24,1
85992,87af734bc7575ecba528b7c9dba063bb,10757,12030103,202311141327,2566,2,53,1
86327,87af734bc7575ecba528b7c9dba063bb,10757,12030103,202311141327,2566,2,8,1
86329,87af734bc7575ecba528b7c9dba063bb,10757,12030103,202311141327,2566,1,103,1
86330,87af734bc7575ecba528b7c9dba063bb,10757,12030103,202311141327,2566,1,112,1
86331,87af734bc7575ecba528b7c9dba063bb,10757,12030103,202311141327,2566,1,62,1
86333,87af734bc7575ecba528b7c9dba063bb,10757,12030103,202311141327,2566,1,260,1
86335,87af734bc7575ecba528b7c9dba063bb,10757,12030103,202311141327,2566,2,75,1
86336,87af734bc7575ecba528b7c9dba063bb,10757,12030103,202311141327,2566,2,80,1
86338,87af734bc7575ecba528b7c9dba063bb,10757,12030103,202311141327,2566,2,172,1
86340,87af734bc7575ecba528b7c9dba063bb,10757,12030103,202311141327,2566,2,282,1
86341,87af734bc7575ecba528b7c9dba063bb,10757,12030103,202311141327,2566,2,86,1
86343,87af734bc7575ecba528b7c9dba063bb,10757,12030103,202311141327,2566,2,93,1
86344,87af734bc7575ecba528b7c9dba063bb,10757,12030103,202311141327,2566,1,140,1
86346,87af734bc7575ecba528b7c9dba063bb,10757,12030103,202311141327,2566,2,289,1
86348,87af734bc7575ecba528b7c9dba063bb,10757,12030103,202311141327,2566,1,182,1
86350,87af734bc7575ecba528b7c9dba063bb,10757,12030103,202311141327,2566,2,37,1
86351,87af734bc7575ecba528b7c9dba063bb,10757,12030103,202311141327,2566,2,182,1
86353,87af734bc7575ecba528b7c9dba063bb,10757,12030103,202311141327,2566,1,206,1
86354,87af734bc7575ecba528b7c9dba063bb,10757,12030103,202311141327,2566,1,221,1
86356,87af734bc7575ecba528b7c9dba063bb,10757,12030103,202311141327,2566,1,60,1
86357,87af734bc7575ecba528b7c9dba063bb,10757,12030103,202311141327,2566,1,218,1
86358,87af734bc7575ecba528b7c9dba063bb,10757,12030103,202311141327,2566,1,261,1
86360,87af734bc7575ecba528b7c9dba063bb,10757,12030103,202311141327,2566,2,200,1
86361,87af734bc7575ecba528b7c9dba063bb,10757,12030103,202311141327,2566,2,64,1
86363,87af734bc7575ecba528b7c9dba063bb,10757,12030103,202311141327,2566,1,116,1
86364,87af734bc7575ecba528b7c9dba063bb,10757,12030103,202311141327,2566,2,100,1
86365,87af734bc7575ecba528b7c9dba063bb,10757,12030103,202311141327,2566,1,121,1
86366,87af734bc7575ecba528b7c9dba063bb,10757,12030103,202311141327,2566,1,276,1
86368,87af734bc7575ecba528b7c9dba063bb,10757,12030103,202311141327,2566,1,78,1
86369,87af734bc7575ecba528b7c9dba063bb,10757,12030103,202311141327,2566,2,210,1
86371,87af734bc7575ecba528b7c9dba063bb,10757,12030103,202311141327,2566,2,82,1
86372,87af734bc7575ecba528b7c9dba063bb,10757,12030103,202311141327,2566,1,191,1
86373,87af734bc7575ecba528b7c9dba063bb,10757,12030103,202311141327,2566,2,88,1
86376,87af734bc7575ecba528b7c9dba063bb,10757,12030103,202311141327,2566,2,127,1
86377,87af734bc7575ecba528b7c9dba063bb,10757,12030103,202311141327,2566,2,137,1
86378,87af734bc7575ecba528b7c9dba063bb,10757,12030103,202311141327,2566,2,38,1
86380,87af734bc7575ecba528b7c9dba063bb,10757,12030103,202311141327,2566,2,186,1
86381,87af734bc7575ecba528b7c9dba063bb,10757,12030103,202311141327,2566,1,54,1
89323,87af734bc7575ecba528b7c9dba063bb,10757,12030103,202311141327,2566,2,241,1
89644,87af734bc7575ecba528b7c9dba063bb,10757,12030103,202311141327,2566,2,62,1
89645,87af734bc7575ecba528b7c9dba063bb,10757,12030103,202311141327,2566,1,64,1
89646,87af734bc7575ecba528b7c9dba063bb,10757,12030103,202311141327,2566,2,160,1
89647,87af734bc7575ecba528b7c9dba063bb,10757,12030103,202311141327,2566,2,264,1
89648,87af734bc7575ecba528b7c9dba063bb,10757,12030103,202311141327,2566,1,72,1
89649,87af734bc7575ecba528b7c9dba063bb,10757,12030103,202311141327,2566,2,206,1
89650,87af734bc7575ecba528b7c9dba063bb,10757,12030103,202311141327,2566,1,277,1
89651,87af734bc7575ecba528b7c9dba063bb,10757,12030103,202311141327,2566,1,79,1
89652,87af734bc7575ecba528b7c9dba063bb,10757,12030103,202311141327,2566,2,276,1
89962,87af734bc7575ecba528b7c9dba063bb,10757,12030103,202311141327,2566,2,79,1
89963,87af734bc7575ecba528b7c9dba063bb,10757,12030103,202311141327,2566,1,82,1
89964,87af734bc7575ecba528b7c9dba063bb,10757,12030103,202311141327,2566,2,125,1
89965,87af734bc7575ecba528b7c9dba063bb,10757,12030103,202311141327,2566,1,139,1
89966,87af734bc7575ecba528b7c9dba063bb,10757,12030103,202311141327,2566,1,37,1
89967,87af734bc7575ecba528b7c9dba063bb,10757,12030103,202311141327,2566,1,181,1
89968,87af734bc7575ecba528b7c9dba063bb,10757,12030103,202311141327,2566,2,139,1
89969,87af734bc7575ecba528b7c9dba063bb,10757,12030103,202311141327,2566,2,130,1
89970,87af734bc7575ecba528b7c9dba063bb,10757,12030103,202311141327,2566,1,201,1
227058,87af734bc7575ecba528b7c9dba063bb,10757,12030103,202411161245,2567,1,6,24
227229,87af734bc7575ecba528b7c9dba063bb,10757,12030103,202411161245,2567,1,201,1
237947,87af734bc7575ecba528b7c9dba063bb,10757,12030103,202411161245,2567,2,155,80
250313,87af734bc7575ecba528b7c9dba063bb,10757,12030103,202411161245,2567,1,169,658
250386,87af734bc7575ecba528b7c9dba063bb,10757,12030103,202411161245,2567,2,169,645
252984,87af734bc7575ecba528b7c9dba063bb,10757,12030103,202411161245,2567,2,124,37
253272,87af734bc7575ecba528b7c9dba063bb,10757,12030103,202411161245,2567,2,239,154
253481,87af734bc7575ecba528b7c9dba063bb,10757,12030103,202411161245,2567,2,104,183
253514,87af734bc7575ecba528b7c9dba063bb,10757,12030103,202411161245,2567,2,217,177
253701,87af734bc7575ecba528b7c9dba063bb,10757,12030103,202411161245,2567,1,175,143
254060,87af734bc7575ecba528b7c9dba063bb,10757,12030103,202411161245,2567,2,151,157
254192,87af734bc7575ecba528b7c9dba063bb,10757,12030103,202411161245,2567,2,98,153
254350,87af734bc7575ecba528b7c9dba063bb,10757,12030103,202411161245,2567,1,133,114
254426,87af734bc7575ecba528b7c9dba063bb,10757,12030103,202411161245,2567,1,253,151
254461,87af734bc7575ecba528b7c9dba063bb,10757,12030103,202411161245,2567,1,170,146
254574,87af734bc7575ecba528b7c9dba063bb,10757,12030103,202411161245,2567,2,133,145
254788,87af734bc7575ecba528b7c9dba063bb,10757,12030103,202411161245,2567,2,242,124
254796,87af734bc7575ecba528b7c9dba063bb,10757,12030103,202411161245,2567,2,170,137
254810,87af734bc7575ecba528b7c9dba063bb,10757,12030103,202411161245,2567,1,17,141
255473,87af734bc7575ecba528b7c9dba063bb,10757,12030103,202411161245,2567,1,151,122
255572,87af734bc7575ecba528b7c9dba063bb,10757,12030103,202411161245,2567,1,32,121
255741,87af734bc7575ecba528b7c9dba063bb,10757,12030103,202411161245,2567,2,17,129
255884,87af734bc7575ecba528b7c9dba063bb,10757,12030103,202411161245,2567,2,176,96
255976,87af734bc7575ecba528b7c9dba063bb,10757,12030103,202411161245,2567,1,217,114
256072,87af734bc7575ecba528b7c9dba063bb,10757,12030103,202411161245,2567,1,197,114
256670,87af734bc7575ecba528b7c9dba063bb,10757,12030103,202411161245,2567,2,32,107
256907,87af734bc7575ecba528b7c9dba063bb,10757,12030103,202411161245,2567,1,154,104
256986,87af734bc7575ecba528b7c9dba063bb,10757,12030103,202411161245,2567,2,253,102
257471,87af734bc7575ecba528b7c9dba063bb,10757,12030103,202411161245,2567,2,111,92
258341,87af734bc7575ecba528b7c9dba063bb,10757,12030103,202411161245,2567,1,155,85
258817,87af734bc7575ecba528b7c9dba063bb,10757,12030103,202411161245,2567,2,154,65
259405,87af734bc7575ecba528b7c9dba063bb,10757,12030103,202411161245,2567,1,98,79
260471,87af734bc7575ecba528b7c9dba063bb,10757,12030103,202411161245,2567,1,104,76
261095,87af734bc7575ecba528b7c9dba063bb,10757,12030103,202411161245,2567,1,176,69
261194,87af734bc7575ecba528b7c9dba063bb,10757,12030103,202411161245,2567,1,274,68
261251,87af734bc7575ecba528b7c9dba063bb,10757,12030103,202411161245,2567,1,111,67
261390,87af734bc7575ecba528b7c9dba063bb,10757,12030103,202411161245,2567,1,278,67
261707,87af734bc7575ecba528b7c9dba063bb,10757,12030103,202411161245,2567,1,168,70
261916,87af734bc7575ecba528b7c9dba063bb,10757,12030103,202411161245,2567,1,281,65
261955,87af734bc7575ecba528b7c9dba063bb,10757,12030103,202411161245,2567,2,213,65
262053,87af734bc7575ecba528b7c9dba063bb,10757,12030103,202411161245,2567,1,198,64
262775,87af734bc7575ecba528b7c9dba063bb,10757,12030103,202411161245,2567,2,284,51
262938,87af734bc7575ecba528b7c9dba063bb,10757,12030103,202411161245,2567,2,244,61
263070,87af734bc7575ecba528b7c9dba063bb,10757,12030103,202411161245,2567,2,168,58
263424,87af734bc7575ecba528b7c9dba063bb,10757,12030103,202411161245,2567,2,197,57
263440,87af734bc7575ecba528b7c9dba063bb,10757,12030103,202411161245,2567,1,287,56
264556,87af734bc7575ecba528b7c9dba063bb,10757,12030103,202411161245,2567,2,281,50
264688,87af734bc7575ecba528b7c9dba063bb,10757,12030103,202411161245,2567,1,124,53
264994,87af734bc7575ecba528b7c9dba063bb,10757,12030103,202411161245,2567,1,167,50
265219,87af734bc7575ecba528b7c9dba063bb,10757,12030103,202411161245,2567,1,183,49
265905,87af734bc7575ecba528b7c9dba063bb,10757,12030103,202411161245,2567,1,184,46
266207,87af734bc7575ecba528b7c9dba063bb,10757,12030103,202411161245,2567,2,198,52
266531,87af734bc7575ecba528b7c9dba063bb,10757,12030103,202411161245,2567,1,195,44
266583,87af734bc7575ecba528b7c9dba063bb,10757,12030103,202411161245,2567,2,195,45
266768,87af734bc7575ecba528b7c9dba063bb,10757,12030103,202411161245,2567,2,145,44
267000,87af734bc7575ecba528b7c9dba063bb,10757,12030103,202411161245,2567,2,287,43
267440,87af734bc7575ecba528b7c9dba063bb,10757,12030103,202411161245,2567,1,7,41
268212,87af734bc7575ecba528b7c9dba063bb,10757,12030103,202411161245,2567,1,42,44
268790,87af734bc7575ecba528b7c9dba063bb,10757,12030103,202411161245,2567,2,192,40
268979,87af734bc7575ecba528b7c9dba063bb,10757,12030103,202411161245,2567,1,288,39
269178,87af734bc7575ecba528b7c9dba063bb,10757,12030103,202411161245,2567,2,6,38
269269,87af734bc7575ecba528b7c9dba063bb,10757,12030103,202411161245,2567,2,234,38
269271,87af734bc7575ecba528b7c9dba063bb,10757,12030103,202411161245,2567,2,167,38
269418,87af734bc7575ecba528b7c9dba063bb,10757,12030103,202411161245,2567,1,113,40
270325,87af734bc7575ecba528b7c9dba063bb,10757,12030103,202411161245,2567,2,184,36
271038,87af734bc7575ecba528b7c9dba063bb,10757,12030103,202411161245,2567,2,236,34
271546,87af734bc7575ecba528b7c9dba063bb,10757,12030103,202411161245,2567,1,179,35
271805,87af734bc7575ecba528b7c9dba063bb,10757,12030103,202411161245,2567,1,192,33
272736,87af734bc7575ecba528b7c9dba063bb,10757,12030103,202411161245,2567,2,233,32
272753,87af734bc7575ecba528b7c9dba063bb,10757,12030103,202411161245,2567,2,246,32
273036,87af734bc7575ecba528b7c9dba063bb,10757,12030103,202411161245,2567,1,153,32
273648,87af734bc7575ecba528b7c9dba063bb,10757,12030103,202411161245,2567,2,175,31
274950,87af734bc7575ecba528b7c9dba063bb,10757,12030103,202411161245,2567,2,288,29
275059,87af734bc7575ecba528b7c9dba063bb,10757,12030103,202411161245,2567,2,274,28
275479,87af734bc7575ecba528b7c9dba063bb,10757,12030103,202411161245,2567,2,278,29
275929,87af734bc7575ecba528b7c9dba063bb,10757,12030103,202411161245,2567,1,249,30
276020,87af734bc7575ecba528b7c9dba063bb,10757,12030103,202411161245,2567,1,214,28
276237,87af734bc7575ecba528b7c9dba063bb,10757,12030103,202411161245,2567,2,150,28
276966,87af734bc7575ecba528b7c9dba063bb,10757,12030103,202411161245,2567,1,272,27
277400,87af734bc7575ecba528b7c9dba063bb,10757,12030103,202411161245,2567,1,246,26
277844,87af734bc7575ecba528b7c9dba063bb,10757,12030103,202411161245,2567,2,147,26
278429,87af734bc7575ecba528b7c9dba063bb,10757,12030103,202411161245,2567,1,164,25
278671,87af734bc7575ecba528b7c9dba063bb,10757,12030103,202411161245,2567,1,63,25
280462,87af734bc7575ecba528b7c9dba063bb,10757,12030103,202411161245,2567,1,285,24
281234,87af734bc7575ecba528b7c9dba063bb,10757,12030103,202411161245,2567,1,145,23
281909,87af734bc7575ecba528b7c9dba063bb,10757,12030103,202411161245,2567,2,249,23
282652,87af734bc7575ecba528b7c9dba063bb,10757,12030103,202411161245,2567,1,185,22
282831,87af734bc7575ecba528b7c9dba063bb,10757,12030103,202411161245,2567,2,179,22
283573,87af734bc7575ecba528b7c9dba063bb,10757,12030103,202411161245,2567,1,213,21
283915,87af734bc7575ecba528b7c9dba063bb,10757,12030103,202411161245,2567,1,147,20
285550,87af734bc7575ecba528b7c9dba063bb,10757,12030103,202411161245,2567,1,150,20
286255,87af734bc7575ecba528b7c9dba063bb,10757,12030103,202411161245,2567,2,97,19
287815,87af734bc7575ecba528b7c9dba063bb,10757,12030103,202411161245,2567,1,41,17
288093,87af734bc7575ecba528b7c9dba063bb,10757,12030103,202411161245,2567,2,153,18
288657,87af734bc7575ecba528b7c9dba063bb,10757,12030103,202411161245,2567,2,285,17
289664,87af734bc7575ecba528b7c9dba063bb,10757,12030103,202411161245,2567,2,7,16
290132,87af734bc7575ecba528b7c9dba063bb,10757,12030103,202411161245,2567,2,99,17
290550,87af734bc7575ecba528b7c9dba063bb,10757,12030103,202411161245,2567,2,126,16
291408,87af734bc7575ecba528b7c9dba063bb,10757,12030103,202411161245,2567,1,250,16
291663,87af734bc7575ecba528b7c9dba063bb,10757,12030103,202411161245,2567,2,19,16
291985,87af734bc7575ecba528b7c9dba063bb,10757,12030103,202411161245,2567,1,156,16
292342,87af734bc7575ecba528b7c9dba063bb,10757,12030103,202411161245,2567,2,92,16
292447,87af734bc7575ecba528b7c9dba063bb,10757,12030103,202411161245,2567,2,183,16
292537,87af734bc7575ecba528b7c9dba063bb,10757,12030103,202411161245,2567,2,229,16
295230,87af734bc7575ecba528b7c9dba063bb,10757,12030103,202411161245,2567,2,267,15
295487,87af734bc7575ecba528b7c9dba063bb,10757,12030103,202411161245,2567,1,129,15
295726,87af734bc7575ecba528b7c9dba063bb,10757,12030103,202411161245,2567,2,41,15
295755,87af734bc7575ecba528b7c9dba063bb,10757,12030103,202411161245,2567,1,216,15
295975,87af734bc7575ecba528b7c9dba063bb,10757,12030103,202411161245,2567,2,129,12
296126,87af734bc7575ecba528b7c9dba063bb,10757,12030103,202411161245,2567,1,187,12
296258,87af734bc7575ecba528b7c9dba063bb,10757,12030103,202411161245,2567,1,273,14
296565,87af734bc7575ecba528b7c9dba063bb,10757,12030103,202411161245,2567,1,284,14
296712,87af734bc7575ecba528b7c9dba063bb,10757,12030103,202411161245,2567,1,19,14
296743,87af734bc7575ecba528b7c9dba063bb,10757,12030103,202411161245,2567,2,194,14
296777,87af734bc7575ecba528b7c9dba063bb,10757,12030103,202411161245,2567,2,214,14
297014,87af734bc7575ecba528b7c9dba063bb,10757,12030103,202411161245,2567,1,194,14
297603,87af734bc7575ecba528b7c9dba063bb,10757,12030103,202411161245,2567,2,237,14
297822,87af734bc7575ecba528b7c9dba063bb,10757,12030103,202411161245,2567,1,207,14
298296,87af734bc7575ecba528b7c9dba063bb,10757,12030103,202411161245,2567,2,185,13
298422,87af734bc7575ecba528b7c9dba063bb,10757,12030103,202411161245,2567,2,240,13
298456,87af734bc7575ecba528b7c9dba063bb,10757,12030103,202411161245,2567,1,193,13
299842,87af734bc7575ecba528b7c9dba063bb,10757,12030103,202411161245,2567,1,61,13
300142,87af734bc7575ecba528b7c9dba063bb,10757,12030103,202411161245,2567,2,273,13
300912,87af734bc7575ecba528b7c9dba063bb,10757,12030103,202411161245,2567,2,272,10
300991,87af734bc7575ecba528b7c9dba063bb,10757,12030103,202411161245,2567,2,227,15
301012,87af734bc7575ecba528b7c9dba063bb,10757,12030103,202411161245,2567,1,115,12
301077,87af734bc7575ecba528b7c9dba063bb,10757,12030103,202411161245,2567,1,126,12
302235,87af734bc7575ecba528b7c9dba063bb,10757,12030103,202411161245,2567,2,96,12
302556,87af734bc7575ecba528b7c9dba063bb,10757,12030103,202411161245,2567,2,164,11
302722,87af734bc7575ecba528b7c9dba063bb,10757,12030103,202411161245,2567,1,267,11
303751,87af734bc7575ecba528b7c9dba063bb,10757,12030103,202411161245,2567,2,226,13
304356,87af734bc7575ecba528b7c9dba063bb,10757,12030103,202411161245,2567,1,280,11
304650,87af734bc7575ecba528b7c9dba063bb,10757,12030103,202411161245,2567,2,231,11
304913,87af734bc7575ecba528b7c9dba063bb,10757,12030103,202411161245,2567,1,196,11
305384,87af734bc7575ecba528b7c9dba063bb,10757,12030103,202411161245,2567,1,96,12
306706,87af734bc7575ecba528b7c9dba063bb,10757,12030103,202411161245,2567,2,120,10
306907,87af734bc7575ecba528b7c9dba063bb,10757,12030103,202411161245,2567,2,216,13
307587,87af734bc7575ecba528b7c9dba063bb,10757,12030103,202411161245,2567,2,250,10
309679,87af734bc7575ecba528b7c9dba063bb,10757,12030103,202411161245,2567,2,42,9
310068,87af734bc7575ecba528b7c9dba063bb,10757,12030103,202411161245,2567,1,191,9
310554,87af734bc7575ecba528b7c9dba063bb,10757,12030103,202411161245,2567,2,191,9
311840,87af734bc7575ecba528b7c9dba063bb,10757,12030103,202411161245,2567,2,156,9
311969,87af734bc7575ecba528b7c9dba063bb,10757,12030103,202411161245,2567,2,67,8
313198,87af734bc7575ecba528b7c9dba063bb,10757,12030103,202411161245,2567,2,190,8
313216,87af734bc7575ecba528b7c9dba063bb,10757,12030103,202411161245,2567,1,163,11
313712,87af734bc7575ecba528b7c9dba063bb,10757,12030103,202411161245,2567,1,152,8
313958,87af734bc7575ecba528b7c9dba063bb,10757,12030103,202411161245,2567,1,161,8
313985,87af734bc7575ecba528b7c9dba063bb,10757,12030103,202411161245,2567,1,203,8
314076,87af734bc7575ecba528b7c9dba063bb,10757,12030103,202411161245,2567,2,63,8
314255,87af734bc7575ecba528b7c9dba063bb,10757,12030103,202411161245,2567,1,271,8
314376,87af734bc7575ecba528b7c9dba063bb,10757,12030103,202411161245,2567,2,200,8
314454,87af734bc7575ecba528b7c9dba063bb,10757,12030103,202411161245,2567,2,204,8
314834,87af734bc7575ecba528b7c9dba063bb,10757,12030103,202411161245,2567,2,74,8
314984,87af734bc7575ecba528b7c9dba063bb,10757,12030103,202411161245,2567,2,38,7
315758,87af734bc7575ecba528b7c9dba063bb,10757,12030103,202411161245,2567,1,18,7
315844,87af734bc7575ecba528b7c9dba063bb,10757,12030103,202411161245,2567,1,8,8
318080,87af734bc7575ecba528b7c9dba063bb,10757,12030103,202411161245,2567,1,60,7
318563,87af734bc7575ecba528b7c9dba063bb,10757,12030103,202411161245,2567,1,247,7
318653,87af734bc7575ecba528b7c9dba063bb,10757,12030103,202411161245,2567,1,99,7
319358,87af734bc7575ecba528b7c9dba063bb,10757,12030103,202411161245,2567,1,215,7
319524,87af734bc7575ecba528b7c9dba063bb,10757,12030103,202411161245,2567,2,61,6
319901,87af734bc7575ecba528b7c9dba063bb,10757,12030103,202411161245,2567,1,165,6
320163,87af734bc7575ecba528b7c9dba063bb,10757,12030103,202411161245,2567,2,177,6
320366,87af734bc7575ecba528b7c9dba063bb,10757,12030103,202411161245,2567,2,93,6
320504,87af734bc7575ecba528b7c9dba063bb,10757,12030103,202411161245,2567,1,259,6
320858,87af734bc7575ecba528b7c9dba063bb,10757,12030103,202411161245,2567,2,161,6
321701,87af734bc7575ecba528b7c9dba063bb,10757,12030103,202411161245,2567,2,73,6
321710,87af734bc7575ecba528b7c9dba063bb,10757,12030103,202411161245,2567,2,18,6
321957,87af734bc7575ecba528b7c9dba063bb,10757,12030103,202411161245,2567,1,279,5
322445,87af734bc7575ecba528b7c9dba063bb,10757,12030103,202411161245,2567,2,142,6
322481,87af734bc7575ecba528b7c9dba063bb,10757,12030103,202411161245,2567,2,62,6
323918,87af734bc7575ecba528b7c9dba063bb,10757,12030103,202411161245,2567,1,206,5
323939,87af734bc7575ecba528b7c9dba063bb,10757,12030103,202411161245,2567,1,58,5
324495,87af734bc7575ecba528b7c9dba063bb,10757,12030103,202411161245,2567,2,224,5
325408,87af734bc7575ecba528b7c9dba063bb,10757,12030103,202411161245,2567,1,190,5
325934,87af734bc7575ecba528b7c9dba063bb,10757,12030103,202411161245,2567,2,207,5
327016,87af734bc7575ecba528b7c9dba063bb,10757,12030103,202411161245,2567,1,120,5
327058,87af734bc7575ecba528b7c9dba063bb,10757,12030103,202411161245,2567,2,230,4
327291,87af734bc7575ecba528b7c9dba063bb,10757,12030103,202411161245,2567,1,222,5
327752,87af734bc7575ecba528b7c9dba063bb,10757,12030103,202411161245,2567,2,252,5
327957,87af734bc7575ecba528b7c9dba063bb,10757,12030103,202411161245,2567,1,146,5
329001,87af734bc7575ecba528b7c9dba063bb,10757,12030103,202411161245,2567,1,204,5
329455,87af734bc7575ecba528b7c9dba063bb,10757,12030103,202411161245,2567,1,114,5
329549,87af734bc7575ecba528b7c9dba063bb,10757,12030103,202411161245,2567,1,251,5
332067,87af734bc7575ecba528b7c9dba063bb,10757,12030103,202411161245,2567,1,252,4
333235,87af734bc7575ecba528b7c9dba063bb,10757,12030103,202411161245,2567,2,102,4
333266,87af734bc7575ecba528b7c9dba063bb,10757,12030103,202411161245,2567,2,241,4
333298,87af734bc7575ecba528b7c9dba063bb,10757,12030103,202411161245,2567,2,203,4
333340,87af734bc7575ecba528b7c9dba063bb,10757,12030103,202411161245,2567,2,228,3
333989,87af734bc7575ecba528b7c9dba063bb,10757,12030103,202411161245,2567,2,276,4
334150,87af734bc7575ecba528b7c9dba063bb,10757,12030103,202411161245,2567,2,76,4
335541,87af734bc7575ecba528b7c9dba063bb,10757,12030103,202411161245,2567,2,34,4
336019,87af734bc7575ecba528b7c9dba063bb,10757,12030103,202411161245,2567,2,140,4
336033,87af734bc7575ecba528b7c9dba063bb,10757,12030103,202411161245,2567,2,39,4
336802,87af734bc7575ecba528b7c9dba063bb,10757,12030103,202411161245,2567,2,163,4
338161,87af734bc7575ecba528b7c9dba063bb,10757,12030103,202411161245,2567,2,181,4
338307,87af734bc7575ecba528b7c9dba063bb,10757,12030103,202411161245,2567,1,160,4
338578,87af734bc7575ecba528b7c9dba063bb,10757,12030103,202411161245,2567,1,177,4
339277,87af734bc7575ecba528b7c9dba063bb,10757,12030103,202411161245,2567,1,276,4
340284,87af734bc7575ecba528b7c9dba063bb,10757,12030103,202411161245,2567,1,260,4
340535,87af734bc7575ecba528b7c9dba063bb,10757,12030103,202411161245,2567,1,86,3
340674,87af734bc7575ecba528b7c9dba063bb,10757,12030103,202411161245,2567,1,283,3
340702,87af734bc7575ecba528b7c9dba063bb,10757,12030103,202411161245,2567,1,148,14
340869,87af734bc7575ecba528b7c9dba063bb,10757,12030103,202411161245,2567,1,67,3
341579,87af734bc7575ecba528b7c9dba063bb,10757,12030103,202411161245,2567,1,209,3
342481,87af734bc7575ecba528b7c9dba063bb,10757,12030103,202411161245,2567,2,165,3
343028,87af734bc7575ecba528b7c9dba063bb,10757,12030103,202411161245,2567,2,130,3
343607,87af734bc7575ecba528b7c9dba063bb,10757,12030103,202411161245,2567,2,256,3
343967,87af734bc7575ecba528b7c9dba063bb,10757,12030103,202411161245,2567,2,84,3
345218,87af734bc7575ecba528b7c9dba063bb,10757,12030103,202411161245,2567,2,199,3
345704,87af734bc7575ecba528b7c9dba063bb,10757,12030103,202411161245,2567,1,84,4
346094,87af734bc7575ecba528b7c9dba063bb,10757,12030103,202411161245,2567,1,199,3
347152,87af734bc7575ecba528b7c9dba063bb,10757,12030103,202411161245,2567,2,91,3
347615,87af734bc7575ecba528b7c9dba063bb,10757,12030103,202411161245,2567,2,182,3
348620,87af734bc7575ecba528b7c9dba063bb,10757,12030103,202411161245,2567,1,200,5
348922,87af734bc7575ecba528b7c9dba063bb,10757,12030103,202411161245,2567,2,57,3
349708,87af734bc7575ecba528b7c9dba063bb,10757,12030103,202411161245,2567,2,60,3
349826,87af734bc7575ecba528b7c9dba063bb,10757,12030103,202411161245,2567,1,182,3
350047,87af734bc7575ecba528b7c9dba063bb,10757,12030103,202411161245,2567,1,212,3
351052,87af734bc7575ecba528b7c9dba063bb,10757,12030103,202411161245,2567,2,113,3
353294,87af734bc7575ecba528b7c9dba063bb,10757,12030103,202411161245,2567,2,148,3
354082,87af734bc7575ecba528b7c9dba063bb,10757,12030103,202411161245,2567,2,259,2
354696,87af734bc7575ecba528b7c9dba063bb,10757,12030103,202411161245,2567,2,247,3
355853,87af734bc7575ecba528b7c9dba063bb,10757,12030103,202411161245,2567,1,97,2
355856,87af734bc7575ecba528b7c9dba063bb,10757,12030103,202411161245,2567,2,271,2
357275,87af734bc7575ecba528b7c9dba063bb,10757,12030103,202411161245,2567,1,34,2
357397,87af734bc7575ecba528b7c9dba063bb,10757,12030103,202411161245,2567,2,8,2
359226,87af734bc7575ecba528b7c9dba063bb,10757,12030103,202411161245,2567,2,152,2
359299,87af734bc7575ecba528b7c9dba063bb,10757,12030103,202411161245,2567,2,146,2
360258,87af734bc7575ecba528b7c9dba063bb,10757,12030103,202411161245,2567,2,235,2
361223,87af734bc7575ecba528b7c9dba063bb,10757,12030103,202411161245,2567,2,196,2
362775,87af734bc7575ecba528b7c9dba063bb,10757,12030103,202411161245,2567,2,118,2
362920,87af734bc7575ecba528b7c9dba063bb,10757,12030103,202411161245,2567,2,212,2
363237,87af734bc7575ecba528b7c9dba063bb,10757,12030103,202411161245,2567,2,112,2
367023,87af734bc7575ecba528b7c9dba063bb,10757,12030103,202411161245,2567,2,248,2
367408,87af734bc7575ecba528b7c9dba063bb,10757,12030103,202411161245,2567,1,4,2
368476,87af734bc7575ecba528b7c9dba063bb,10757,12030103,202411161245,2567,1,139,2
368718,87af734bc7575ecba528b7c9dba063bb,10757,12030103,202411161245,2567,2,208,2
369170,87af734bc7575ecba528b7c9dba063bb,10757,12030103,202411161245,2567,2,166,2
369670,87af734bc7575ecba528b7c9dba063bb,10757,12030103,202411161245,2567,1,140,2
371459,87af734bc7575ecba528b7c9dba063bb,10757,12030103,202411161245,2567,2,149,2
372010,87af734bc7575ecba528b7c9dba063bb,10757,12030103,202411161245,2567,1,57,2
372517,87af734bc7575ecba528b7c9dba063bb,10757,12030103,202411161245,2567,2,95,2
372684,87af734bc7575ecba528b7c9dba063bb,10757,12030103,202411161245,2567,1,62,2
372731,87af734bc7575ecba528b7c9dba063bb,10757,12030103,202411161245,2567,2,58,2
372782,87af734bc7575ecba528b7c9dba063bb,10757,12030103,202411161245,2567,1,256,2
372824,87af734bc7575ecba528b7c9dba063bb,10757,12030103,202411161245,2567,2,189,2
373155,87af734bc7575ecba528b7c9dba063bb,10757,12030103,202411161245,2567,2,69,2
373208,87af734bc7575ecba528b7c9dba063bb,10757,12030103,202411161245,2567,1,66,2
382689,87af734bc7575ecba528b7c9dba063bb,10757,12030103,202411161245,2567,2,65,1
383132,87af734bc7575ecba528b7c9dba063bb,10757,12030103,202411161245,2567,2,201,1
386641,87af734bc7575ecba528b7c9dba063bb,10757,12030103,202411161245,2567,2,114,1
386872,87af734bc7575ecba528b7c9dba063bb,10757,12030103,202411161245,2567,2,206,1
395314,87af734bc7575ecba528b7c9dba063bb,10757,12030103,202411161245,2567,1,110,1
397919,87af734bc7575ecba528b7c9dba063bb,10757,12030103,202411161245,2567,2,209,1
398181,87af734bc7575ecba528b7c9dba063bb,10757,12030103,202411161245,2567,2,117,1
401663,87af734bc7575ecba528b7c9dba063bb,10757,12030103,202411161245,2567,2,75,1
416168,87af734bc7575ecba528b7c9dba063bb,10757,12030103,202411161245,2567,2,174,1
419840,87af734bc7575ecba528b7c9dba063bb,10757,12030103,202411161245,2567,2,279,1
443387,87af734bc7575ecba528b7c9dba063bb,10757,12030103,202411161245,2567,1,103,1
446405,87af734bc7575ecba528b7c9dba063bb,10757,12030103,202411161245,2567,2,87,1
458833,87af734bc7575ecba528b7c9dba063bb,10757,12030103,202411161245,2567,2,33,1
458882,87af734bc7575ecba528b7c9dba063bb,10757,12030103,202411161245,2567,1,119,1
458886,87af734bc7575ecba528b7c9dba063bb,10757,12030103,202411161245,2567,1,257,1
458926,87af734bc7575ecba528b7c9dba063bb,10757,12030103,202411161245,2567,1,263,1
458939,87af734bc7575ecba528b7c9dba063bb,10757,12030103,202411161245,2567,2,193,1
458943,87af734bc7575ecba528b7c9dba063bb,10757,12030103,202411161245,2567,2,238,1
458979,87af734bc7575ecba528b7c9dba063bb,10757,12030103,202411161245,2567,1,77,1
458983,87af734bc7575ecba528b7c9dba063bb,10757,12030103,202411161245,2567,1,33,1
459050,87af734bc7575ecba528b7c9dba063bb,10757,12030103,202411161245,2567,1,277,1
459053,87af734bc7575ecba528b7c9dba063bb,10757,12030103,202411161245,2567,1,82,1
459069,87af734bc7575ecba528b7c9dba063bb,10757,12030103,202411161245,2567,2,261,1
459126,87af734bc7575ecba528b7c9dba063bb,10757,12030103,202411161245,2567,1,87,1
459190,87af734bc7575ecba528b7c9dba063bb,10757,12030103,202411161245,2567,2,115,1
459262,87af734bc7575ecba528b7c9dba063bb,10757,12030103,202411161245,2567,1,131,1
459314,87af734bc7575ecba528b7c9dba063bb,10757,12030103,202411161245,2567,1,38,1
459318,87af734bc7575ecba528b7c9dba063bb,10757,12030103,202411161245,2567,1,180,1
459330,87af734bc7575ecba528b7c9dba063bb,10757,12030103,202411161245,2567,2,215,1
459337,87af734bc7575ecba528b7c9dba063bb,10757,12030103,202411161245,2567,2,280,1
459361,87af734bc7575ecba528b7c9dba063bb,10757,12030103,202411161245,2567,1,166,1
459366,87af734bc7575ecba528b7c9dba063bb,10757,12030103,202411161245,2567,1,245,1
459369,87af734bc7575ecba528b7c9dba063bb,10757,12030103,202411161245,2567,2,219,1
459418,87af734bc7575ecba528b7c9dba063bb,10757,12030103,202411161245,2567,1,59,1
459440,87af734bc7575ecba528b7c9dba063bb,10757,12030103,202411161245,2567,2,30,1
459495,87af734bc7575ecba528b7c9dba063bb,10757,12030103,202411161245,2567,1,116,1
459579,87af734bc7575ecba528b7c9dba063bb,10757,12030103,202411161245,2567,1,178,1
459583,87af734bc7575ecba528b7c9dba063bb,10757,12030103,202411161245,2567,1,64,1
459658,87af734bc7575ecba528b7c9dba063bb,10757,12030103,202411161245,2567,1,127,1
459666,87af734bc7575ecba528b7c9dba063bb,10757,12030103,202411161245,2567,1,265,1
459704,87af734bc7575ecba528b7c9dba063bb,10757,12030103,202411161245,2567,1,79,1
459774,87af734bc7575ecba528b7c9dba063bb,10757,12030103,202411161245,2567,2,283,1
459844,87af734bc7575ecba528b7c9dba063bb,10757,12030103,202411161245,2567,2,116,1
459886,87af734bc7575ecba528b7c9dba063bb,10757,12030103,202411161245,2567,2,119,1
459890,87af734bc7575ecba528b7c9dba063bb,10757,12030103,202411161245,2567,2,171,1
459907,87af734bc7575ecba528b7c9dba063bb,10757,12030103,202411161245,2567,2,79,1
459972,87af734bc7575ecba528b7c9dba063bb,10757,12030103,202411161245,2567,1,39,1
459977,87af734bc7575ecba528b7c9dba063bb,10757,12030103,202411161245,2567,1,181,1
459987,87af734bc7575ecba528b7c9dba063bb,10757,12030103,202411161245,2567,2,125,1
460002,87af734bc7575ecba528b7c9dba063bb,10757,12030103,202411161245,2567,2,86,1
460066,87af734bc7575ecba528b7c9dba063bb,10757,12030103,202411161245,2567,1,109,1
460076,87af734bc7575ecba528b7c9dba063bb,10757,12030103,202411161245,2567,1,208,1
460086,87af734bc7575ecba528b7c9dba063bb,10757,12030103,202411161245,2567,2,132,1
460096,87af734bc7575ecba528b7c9dba063bb,10757,12030103,202411161245,2567,2,223,1
460246,87af734bc7575ecba528b7c9dba063bb,10757,12030103,202411161245,2567,1,117,1
460267,87af734bc7575ecba528b7c9dba063bb,10757,12030103,202411161245,2567,2,37,1
460340,87af734bc7575ecba528b7c9dba063bb,10757,12030103,202411161245,2567,1,70,1
460342,87af734bc7575ecba528b7c9dba063bb,10757,12030103,202411161245,2567,1,266,1
460347,87af734bc7575ecba528b7c9dba063bb,10757,12030103,202411161245,2567,2,24,1
460365,87af734bc7575ecba528b7c9dba063bb,10757,12030103,202411161245,2567,1,142,1
460468,87af734bc7575ecba528b7c9dba063bb,10757,12030103,202411161245,2567,1,95,1
460470,87af734bc7575ecba528b7c9dba063bb,10757,12030103,202411161245,2567,2,160,1
461915,87af734bc7575ecba528b7c9dba063bb,10757,12030103,202511161216,2568,2,129,5
462779,87af734bc7575ecba528b7c9dba063bb,10757,12030103,202511161216,2568,2,199,8
462901,87af734bc7575ecba528b7c9dba063bb,10757,12030103,202511161216,2568,2,164,8
463194,87af734bc7575ecba528b7c9dba063bb,10757,12030103,202511161216,2568,1,289,2
463407,87af734bc7575ecba528b7c9dba063bb,10757,12030103,202511161216,2568,1,160,8
463494,87af734bc7575ecba528b7c9dba063bb,10757,12030103,202511161216,2568,2,169,597
468508,87af734bc7575ecba528b7c9dba063bb,10757,12030103,202511161216,2568,2,285,8
470283,87af734bc7575ecba528b7c9dba063bb,10757,12030103,202511161216,2568,2,102,5
471216,87af734bc7575ecba528b7c9dba063bb,10757,12030103,202511161216,2568,2,281,53
472287,87af734bc7575ecba528b7c9dba063bb,10757,12030103,202511161216,2568,2,6,42
472968,87af734bc7575ecba528b7c9dba063bb,10757,12030103,202511161216,2568,1,253,233
473752,87af734bc7575ecba528b7c9dba063bb,10757,12030103,202511161216,2568,2,239,265
474847,87af734bc7575ecba528b7c9dba063bb,10757,12030103,202511161216,2568,2,182,4
476539,87af734bc7575ecba528b7c9dba063bb,10757,12030103,202511161216,2568,2,224,1
477176,87af734bc7575ecba528b7c9dba063bb,10757,12030103,202511161216,2568,2,253,183
477515,87af734bc7575ecba528b7c9dba063bb,10757,12030103,202511161216,2568,2,98,177
477535,87af734bc7575ecba528b7c9dba063bb,10757,12030103,202511161216,2568,2,259,5
477574,87af734bc7575ecba528b7c9dba063bb,10757,12030103,202511161216,2568,2,151,168
477710,87af734bc7575ecba528b7c9dba063bb,10757,12030103,202511161216,2568,1,133,164
477811,87af734bc7575ecba528b7c9dba063bb,10757,12030103,202511161216,2568,2,62,7
479866,87af734bc7575ecba528b7c9dba063bb,10757,12030103,202511161216,2568,2,240,9
480208,87af734bc7575ecba528b7c9dba063bb,10757,12030103,202511161216,2568,1,175,125
484163,87af734bc7575ecba528b7c9dba063bb,10757,12030103,202511161216,2568,1,154,109
484622,87af734bc7575ecba528b7c9dba063bb,10757,12030103,202511161216,2568,2,206,4
485976,87af734bc7575ecba528b7c9dba063bb,10757,12030103,202511161216,2568,2,167,16
487033,87af734bc7575ecba528b7c9dba063bb,10757,12030103,202511161216,2568,1,171,1
488224,87af734bc7575ecba528b7c9dba063bb,10757,12030103,202511161216,2568,1,42,7
488273,87af734bc7575ecba528b7c9dba063bb,10757,12030103,202511161216,2568,1,103,1
488524,87af734bc7575ecba528b7c9dba063bb,10757,12030103,202511161216,2568,2,57,2
489232,87af734bc7575ecba528b7c9dba063bb,10757,12030103,202511161216,2568,1,167,14
489898,87af734bc7575ecba528b7c9dba063bb,10757,12030103,202511161216,2568,2,113,2
490823,87af734bc7575ecba528b7c9dba063bb,10757,12030103,202511161216,2568,2,111,94
492585,87af734bc7575ecba528b7c9dba063bb,10757,12030103,202511161216,2568,2,19,8
492655,87af734bc7575ecba528b7c9dba063bb,10757,12030103,202511161216,2568,1,193,19
492944,87af734bc7575ecba528b7c9dba063bb,10757,12030103,202511161216,2568,1,169,619
493019,87af734bc7575ecba528b7c9dba063bb,10757,12030103,202511161216,2568,1,64,2
493346,87af734bc7575ecba528b7c9dba063bb,10757,12030103,202511161216,2568,1,17,84
493584,87af734bc7575ecba528b7c9dba063bb,10757,12030103,202511161216,2568,2,265,2
494290,87af734bc7575ecba528b7c9dba063bb,10757,12030103,202511161216,2568,1,155,80
495257,87af734bc7575ecba528b7c9dba063bb,10757,12030103,202511161216,2568,1,149,2
495316,87af734bc7575ecba528b7c9dba063bb,10757,12030103,202511161216,2568,2,155,78
496746,87af734bc7575ecba528b7c9dba063bb,10757,12030103,202511161216,2568,1,168,74
496893,87af734bc7575ecba528b7c9dba063bb,10757,12030103,202511161216,2568,2,176,74
497070,87af734bc7575ecba528b7c9dba063bb,10757,12030103,202511161216,2568,2,213,74
497910,87af734bc7575ecba528b7c9dba063bb,10757,12030103,202511161216,2568,1,97,5
498745,87af734bc7575ecba528b7c9dba063bb,10757,12030103,202511161216,2568,2,41,10
500056,87af734bc7575ecba528b7c9dba063bb,10757,12030103,202511161216,2568,1,217,68
500928,87af734bc7575ecba528b7c9dba063bb,10757,12030103,202511161216,2568,2,126,22
501100,87af734bc7575ecba528b7c9dba063bb,10757,12030103,202511161216,2568,2,204,7
501895,87af734bc7575ecba528b7c9dba063bb,10757,12030103,202511161216,2568,2,170,65
502158,87af734bc7575ecba528b7c9dba063bb,10757,12030103,202511161216,2568,1,278,73
502227,87af734bc7575ecba528b7c9dba063bb,10757,12030103,202511161216,2568,2,196,8
503255,87af734bc7575ecba528b7c9dba063bb,10757,12030103,202511161216,2568,2,32,6
504082,87af734bc7575ecba528b7c9dba063bb,10757,12030103,202511161216,2568,1,183,33
504503,87af734bc7575ecba528b7c9dba063bb,10757,12030103,202511161216,2568,2,35,2
504653,87af734bc7575ecba528b7c9dba063bb,10757,12030103,202511161216,2568,1,156,59
505026,87af734bc7575ecba528b7c9dba063bb,10757,12030103,202511161216,2568,2,175,16
506322,87af734bc7575ecba528b7c9dba063bb,10757,12030103,202511161216,2568,1,197,57
506689,87af734bc7575ecba528b7c9dba063bb,10757,12030103,202511161216,2568,1,194,22
507146,87af734bc7575ecba528b7c9dba063bb,10757,12030103,202511161216,2568,1,170,56
508414,87af734bc7575ecba528b7c9dba063bb,10757,12030103,202511161216,2568,2,244,55
508905,87af734bc7575ecba528b7c9dba063bb,10757,12030103,202511161216,2568,2,284,54
509668,87af734bc7575ecba528b7c9dba063bb,10757,12030103,202511161216,2568,1,161,5
509785,87af734bc7575ecba528b7c9dba063bb,10757,12030103,202511161216,2568,2,198,53
509840,87af734bc7575ecba528b7c9dba063bb,10757,12030103,202511161216,2568,2,21,1
510052,87af734bc7575ecba528b7c9dba063bb,10757,12030103,202511161216,2568,1,111,53
510414,87af734bc7575ecba528b7c9dba063bb,10757,12030103,202511161216,2568,2,184,23
511104,87af734bc7575ecba528b7c9dba063bb,10757,12030103,202511161216,2568,1,86,2
512130,87af734bc7575ecba528b7c9dba063bb,10757,12030103,202511161216,2568,1,150,7
512608,87af734bc7575ecba528b7c9dba063bb,10757,12030103,202511161216,2568,1,274,51
515452,87af734bc7575ecba528b7c9dba063bb,10757,12030103,202511161216,2568,1,119,2
516046,87af734bc7575ecba528b7c9dba063bb,10757,12030103,202511161216,2568,2,104,169
517207,87af734bc7575ecba528b7c9dba063bb,10757,12030103,202511161216,2568,2,125,2
517789,87af734bc7575ecba528b7c9dba063bb,10757,12030103,202511161216,2568,1,271,9
517926,87af734bc7575ecba528b7c9dba063bb,10757,12030103,202511161216,2568,2,288,47
518301,87af734bc7575ecba528b7c9dba063bb,10757,12030103,202511161216,2568,1,246,47
518806,87af734bc7575ecba528b7c9dba063bb,10757,12030103,202511161216,2568,2,197,35
519633,87af734bc7575ecba528b7c9dba063bb,10757,12030103,202511161216,2568,2,87,6
519711,87af734bc7575ecba528b7c9dba063bb,10757,12030103,202511161216,2568,1,184,46
520751,87af734bc7575ecba528b7c9dba063bb,10757,12030103,202511161216,2568,1,153,44
520803,87af734bc7575ecba528b7c9dba063bb,10757,12030103,202511161216,2568,2,140,1
521776,87af734bc7575ecba528b7c9dba063bb,10757,12030103,202511161216,2568,2,153,31
521972,87af734bc7575ecba528b7c9dba063bb,10757,12030103,202511161216,2568,1,139,5
522042,87af734bc7575ecba528b7c9dba063bb,10757,12030103,202511161216,2568,2,191,6
522287,87af734bc7575ecba528b7c9dba063bb,10757,12030103,202511161216,2568,2,124,43
522478,87af734bc7575ecba528b7c9dba063bb,10757,12030103,202511161216,2568,1,250,18
522489,87af734bc7575ecba528b7c9dba063bb,10757,12030103,202511161216,2568,2,229,12
524187,87af734bc7575ecba528b7c9dba063bb,10757,12030103,202511161216,2568,1,176,42
525012,87af734bc7575ecba528b7c9dba063bb,10757,12030103,202511161216,2568,1,113,42
525532,87af734bc7575ecba528b7c9dba063bb,10757,12030103,202511161216,2568,2,92,20
526295,87af734bc7575ecba528b7c9dba063bb,10757,12030103,202511161216,2568,2,236,41
526367,87af734bc7575ecba528b7c9dba063bb,10757,12030103,202511161216,2568,1,211,1
526717,87af734bc7575ecba528b7c9dba063bb,10757,12030103,202511161216,2568,1,179,40
528183,87af734bc7575ecba528b7c9dba063bb,10757,12030103,202511161216,2568,1,79,2
529768,87af734bc7575ecba528b7c9dba063bb,10757,12030103,202511161216,2568,1,288,38
529890,87af734bc7575ecba528b7c9dba063bb,10757,12030103,202511161216,2568,1,128,1
530431,87af734bc7575ecba528b7c9dba063bb,10757,12030103,202511161216,2568,1,7,38
532454,87af734bc7575ecba528b7c9dba063bb,10757,12030103,202511161216,2568,2,280,2
532552,87af734bc7575ecba528b7c9dba063bb,10757,12030103,202511161216,2568,1,96,5
532667,87af734bc7575ecba528b7c9dba063bb,10757,12030103,202511161216,2568,1,249,37
533492,87af734bc7575ecba528b7c9dba063bb,10757,12030103,202511161216,2568,2,156,33
533496,87af734bc7575ecba528b7c9dba063bb,10757,12030103,202511161216,2568,1,260,4
534005,87af734bc7575ecba528b7c9dba063bb,10757,12030103,202511161216,2568,1,279,3
534445,87af734bc7575ecba528b7c9dba063bb,10757,12030103,202511161216,2568,2,34,5
536571,87af734bc7575ecba528b7c9dba063bb,10757,12030103,202511161216,2568,1,252,18
537757,87af734bc7575ecba528b7c9dba063bb,10757,12030103,202511161216,2568,2,233,37
538825,87af734bc7575ecba528b7c9dba063bb,10757,12030103,202511161216,2568,2,149,5
540104,87af734bc7575ecba528b7c9dba063bb,10757,12030103,202511161216,2568,2,38,1
540700,87af734bc7575ecba528b7c9dba063bb,10757,12030103,202511161216,2568,2,145,34
540952,87af734bc7575ecba528b7c9dba063bb,10757,12030103,202511161216,2568,2,179,32
543442,87af734bc7575ecba528b7c9dba063bb,10757,12030103,202511161216,2568,2,277,1
543520,87af734bc7575ecba528b7c9dba063bb,10757,12030103,202511161216,2568,1,63,14
543789,87af734bc7575ecba528b7c9dba063bb,10757,12030103,202511161216,2568,1,190,2
543988,87af734bc7575ecba528b7c9dba063bb,10757,12030103,202511161216,2568,1,244,1
545249,87af734bc7575ecba528b7c9dba063bb,10757,12030103,202511161216,2568,2,40,1
545396,87af734bc7575ecba528b7c9dba063bb,10757,12030103,202511161216,2568,2,15,1
549664,87af734bc7575ecba528b7c9dba063bb,10757,12030103,202511161216,2568,1,66,1
550289,87af734bc7575ecba528b7c9dba063bb,10757,12030103,202511161216,2568,2,242,232
550467,87af734bc7575ecba528b7c9dba063bb,10757,12030103,202511161216,2568,2,237,28
550524,87af734bc7575ecba528b7c9dba063bb,10757,12030103,202511161216,2568,2,43,1
550739,87af734bc7575ecba528b7c9dba063bb,10757,12030103,202511161216,2568,2,283,1
550964,87af734bc7575ecba528b7c9dba063bb,10757,12030103,202511161216,2568,1,4,1
551879,87af734bc7575ecba528b7c9dba063bb,10757,12030103,202511161216,2568,2,226,17
552045,87af734bc7575ecba528b7c9dba063bb,10757,12030103,202511161216,2568,2,89,1
552458,87af734bc7575ecba528b7c9dba063bb,10757,12030103,202511161216,2568,1,77,5
552651,87af734bc7575ecba528b7c9dba063bb,10757,12030103,202511161216,2568,2,161,5
552972,87af734bc7575ecba528b7c9dba063bb,10757,12030103,202511161216,2568,1,165,19
553403,87af734bc7575ecba528b7c9dba063bb,10757,12030103,202511161216,2568,1,276,1
553823,87af734bc7575ecba528b7c9dba063bb,10757,12030103,202511161216,2568,1,214,27
555679,87af734bc7575ecba528b7c9dba063bb,10757,12030103,202511161216,2568,1,272,26
556089,87af734bc7575ecba528b7c9dba063bb,10757,12030103,202511161216,2568,1,19,5
557517,87af734bc7575ecba528b7c9dba063bb,10757,12030103,202511161216,2568,2,61,11
559438,87af734bc7575ecba528b7c9dba063bb,10757,12030103,202511161216,2568,1,267,7
562159,87af734bc7575ecba528b7c9dba063bb,10757,12030103,202511161216,2568,1,218,4
562260,87af734bc7575ecba528b7c9dba063bb,10757,12030103,202511161216,2568,1,62,4
562694,87af734bc7575ecba528b7c9dba063bb,10757,12030103,202511161216,2568,2,287,22
562818,87af734bc7575ecba528b7c9dba063bb,10757,12030103,202511161216,2568,1,259,1
563293,87af734bc7575ecba528b7c9dba063bb,10757,12030103,202511161216,2568,2,194,19
563302,87af734bc7575ecba528b7c9dba063bb,10757,12030103,202511161216,2568,2,245,1
566574,87af734bc7575ecba528b7c9dba063bb,10757,12030103,202511161216,2568,2,160,5
567307,87af734bc7575ecba528b7c9dba063bb,10757,12030103,202511161216,2568,2,279,2
567693,87af734bc7575ecba528b7c9dba063bb,10757,12030103,202511161216,2568,1,195,23
567820,87af734bc7575ecba528b7c9dba063bb,10757,12030103,202511161216,2568,1,280,9
568405,87af734bc7575ecba528b7c9dba063bb,10757,12030103,202511161216,2568,1,189,2
569101,87af734bc7575ecba528b7c9dba063bb,10757,12030103,202511161216,2568,2,8,4
569669,87af734bc7575ecba528b7c9dba063bb,10757,12030103,202511161216,2568,2,250,10
570892,87af734bc7575ecba528b7c9dba063bb,10757,12030103,202511161216,2568,1,104,98
570907,87af734bc7575ecba528b7c9dba063bb,10757,12030103,202511161216,2568,1,57,1
571680,87af734bc7575ecba528b7c9dba063bb,10757,12030103,202511161216,2568,2,121,1
571878,87af734bc7575ecba528b7c9dba063bb,10757,12030103,202511161216,2568,2,274,22
573012,87af734bc7575ecba528b7c9dba063bb,10757,12030103,202511161216,2568,1,129,20
574402,87af734bc7575ecba528b7c9dba063bb,10757,12030103,202511161216,2568,2,192,21
574646,87af734bc7575ecba528b7c9dba063bb,10757,12030103,202511161216,2568,1,145,21
574768,87af734bc7575ecba528b7c9dba063bb,10757,12030103,202511161216,2568,1,222,4
574870,87af734bc7575ecba528b7c9dba063bb,10757,12030103,202511161216,2568,1,182,7
575095,87af734bc7575ecba528b7c9dba063bb,10757,12030103,202511161216,2568,1,67,21
575141,87af734bc7575ecba528b7c9dba063bb,10757,12030103,202511161216,2568,1,200,1
575250,87af734bc7575ecba528b7c9dba063bb,10757,12030103,202511161216,2568,1,251,4
576746,87af734bc7575ecba528b7c9dba063bb,10757,12030103,202511161216,2568,2,251,4
576751,87af734bc7575ecba528b7c9dba063bb,10757,12030103,202511161216,2568,1,41,9
576899,87af734bc7575ecba528b7c9dba063bb,10757,12030103,202511161216,2568,2,188,1
577363,87af734bc7575ecba528b7c9dba063bb,10757,12030103,202511161216,2568,2,142,9
578183,87af734bc7575ecba528b7c9dba063bb,10757,12030103,202511161216,2568,2,231,9
578199,87af734bc7575ecba528b7c9dba063bb,10757,12030103,202511161216,2568,1,80,4
578214,87af734bc7575ecba528b7c9dba063bb,10757,12030103,202511161216,2568,2,216,21
578489,87af734bc7575ecba528b7c9dba063bb,10757,12030103,202511161216,2568,1,177,1
578502,87af734bc7575ecba528b7c9dba063bb,10757,12030103,202511161216,2568,1,198,47
578961,87af734bc7575ecba528b7c9dba063bb,10757,12030103,202511161216,2568,2,203,4
579303,87af734bc7575ecba528b7c9dba063bb,10757,12030103,202511161216,2568,1,174,1
580457,87af734bc7575ecba528b7c9dba063bb,10757,12030103,202511161216,2568,2,154,50
580772,87af734bc7575ecba528b7c9dba063bb,10757,12030103,202511161216,2568,1,265,3
580878,87af734bc7575ecba528b7c9dba063bb,10757,12030103,202511161216,2568,1,273,20
581270,87af734bc7575ecba528b7c9dba063bb,10757,12030103,202511161216,2568,1,245,1
581454,87af734bc7575ecba528b7c9dba063bb,10757,12030103,202511161216,2568,2,7,20
582516,87af734bc7575ecba528b7c9dba063bb,10757,12030103,202511161216,2568,1,206,4
582846,87af734bc7575ecba528b7c9dba063bb,10757,12030103,202511161216,2568,2,215,4
583200,87af734bc7575ecba528b7c9dba063bb,10757,12030103,202511161216,2568,1,60,4
583361,87af734bc7575ecba528b7c9dba063bb,10757,12030103,202511161216,2568,1,147,19
584090,87af734bc7575ecba528b7c9dba063bb,10757,12030103,202511161216,2568,1,88,3
584588,87af734bc7575ecba528b7c9dba063bb,10757,12030103,202511161216,2568,2,273,19
585637,87af734bc7575ecba528b7c9dba063bb,10757,12030103,202511161216,2568,2,146,4
586250,87af734bc7575ecba528b7c9dba063bb,10757,12030103,202511161216,2568,1,248,1
586664,87af734bc7575ecba528b7c9dba063bb,10757,12030103,202511161216,2568,1,178,1
586974,87af734bc7575ecba528b7c9dba063bb,10757,12030103,202511161216,2568,2,249,19
587498,87af734bc7575ecba528b7c9dba063bb,10757,12030103,202511161216,2568,1,281,82
587536,87af734bc7575ecba528b7c9dba063bb,10757,12030103,202511161216,2568,2,58,4
588727,87af734bc7575ecba528b7c9dba063bb,10757,12030103,202511161216,2568,2,200,4
589246,87af734bc7575ecba528b7c9dba063bb,10757,12030103,202511161216,2568,1,124,55
589308,87af734bc7575ecba528b7c9dba063bb,10757,12030103,202511161216,2568,2,131,24
590083,87af734bc7575ecba528b7c9dba063bb,10757,12030103,202511161216,2568,2,18,15
590543,87af734bc7575ecba528b7c9dba063bb,10757,12030103,202511161216,2568,1,134,1
591041,87af734bc7575ecba528b7c9dba063bb,10757,12030103,202511161216,2568,2,63,7
591622,87af734bc7575ecba528b7c9dba063bb,10757,12030103,202511161216,2568,1,126,17
591773,87af734bc7575ecba528b7c9dba063bb,10757,12030103,202511161216,2568,1,21,1
592403,87af734bc7575ecba528b7c9dba063bb,10757,12030103,202511161216,2568,2,230,17
593549,87af734bc7575ecba528b7c9dba063bb,10757,12030103,202511161216,2568,1,201,1
593986,87af734bc7575ecba528b7c9dba063bb,10757,12030103,202511161216,2568,1,205,1
594257,87af734bc7575ecba528b7c9dba063bb,10757,12030103,202511161216,2568,1,84,2
595398,87af734bc7575ecba528b7c9dba063bb,10757,12030103,202511161216,2568,2,217,169
595666,87af734bc7575ecba528b7c9dba063bb,10757,12030103,202511161216,2568,2,272,17
599058,87af734bc7575ecba528b7c9dba063bb,10757,12030103,202511161216,2568,2,256,3
599252,87af734bc7575ecba528b7c9dba063bb,10757,12030103,202511161216,2568,1,37,1
599673,87af734bc7575ecba528b7c9dba063bb,10757,12030103,202511161216,2568,1,187,1
600555,87af734bc7575ecba528b7c9dba063bb,10757,12030103,202511161216,2568,1,164,8
601726,87af734bc7575ecba528b7c9dba063bb,10757,12030103,202511161216,2568,1,203,5
602062,87af734bc7575ecba528b7c9dba063bb,10757,12030103,202511161216,2568,1,285,25
603941,87af734bc7575ecba528b7c9dba063bb,10757,12030103,202511161216,2568,2,246,54
604065,87af734bc7575ecba528b7c9dba063bb,10757,12030103,202511161216,2568,1,131,15
605061,87af734bc7575ecba528b7c9dba063bb,10757,12030103,202511161216,2568,2,86,3
605109,87af734bc7575ecba528b7c9dba063bb,10757,12030103,202511161216,2568,1,70,1
605215,87af734bc7575ecba528b7c9dba063bb,10757,12030103,202511161216,2568,2,207,6
605230,87af734bc7575ecba528b7c9dba063bb,10757,12030103,202511161216,2568,1,166,1
605810,87af734bc7575ecba528b7c9dba063bb,10757,12030103,202511161216,2568,2,208,1
606198,87af734bc7575ecba528b7c9dba063bb,10757,12030103,202511161216,2568,1,34,2
607972,87af734bc7575ecba528b7c9dba063bb,10757,12030103,202511161216,2568,2,37,2
608105,87af734bc7575ecba528b7c9dba063bb,10757,12030103,202511161216,2568,2,17,85
608255,87af734bc7575ecba528b7c9dba063bb,10757,12030103,202511161216,2568,2,212,1
609243,87af734bc7575ecba528b7c9dba063bb,10757,12030103,202511161216,2568,2,97,21
610440,87af734bc7575ecba528b7c9dba063bb,10757,12030103,202511161216,2568,2,110,1
610827,87af734bc7575ecba528b7c9dba063bb,10757,12030103,202511161216,2568,2,234,36
610852,87af734bc7575ecba528b7c9dba063bb,10757,12030103,202511161216,2568,1,261,3
611272,87af734bc7575ecba528b7c9dba063bb,10757,12030103,202511161216,2568,1,61,7
612798,87af734bc7575ecba528b7c9dba063bb,10757,12030103,202511161216,2568,1,105,1
613501,87af734bc7575ecba528b7c9dba063bb,10757,12030103,202511161216,2568,2,271,3
613505,87af734bc7575ecba528b7c9dba063bb,10757,12030103,202511161216,2568,1,38,2
613877,87af734bc7575ecba528b7c9dba063bb,10757,12030103,202511161216,2568,2,147,16
614551,87af734bc7575ecba528b7c9dba063bb,10757,12030103,202511161216,2568,2,115,3
614595,87af734bc7575ecba528b7c9dba063bb,10757,12030103,202511161216,2568,2,93,5
615806,87af734bc7575ecba528b7c9dba063bb,10757,12030103,202511161216,2568,1,39,13
616190,87af734bc7575ecba528b7c9dba063bb,10757,12030103,202511161216,2568,2,227,13
616228,87af734bc7575ecba528b7c9dba063bb,10757,12030103,202511161216,2568,1,112,1
617741,87af734bc7575ecba528b7c9dba063bb,10757,12030103,202511161216,2568,1,99,10
617850,87af734bc7575ecba528b7c9dba063bb,10757,12030103,202511161216,2568,1,287,34
618285,87af734bc7575ecba528b7c9dba063bb,10757,12030103,202511161216,2568,2,150,22
618906,87af734bc7575ecba528b7c9dba063bb,10757,12030103,202511161216,2568,2,99,11
620536,87af734bc7575ecba528b7c9dba063bb,10757,12030103,202511161216,2568,2,118,1
620843,87af734bc7575ecba528b7c9dba063bb,10757,12030103,202511161216,2568,1,115,1
621596,87af734bc7575ecba528b7c9dba063bb,10757,12030103,202511161216,2568,1,140,1
622835,87af734bc7575ecba528b7c9dba063bb,10757,12030103,202511161216,2568,2,80,1
623359,87af734bc7575ecba528b7c9dba063bb,10757,12030103,202511161216,2568,2,42,3
624053,87af734bc7575ecba528b7c9dba063bb,10757,12030103,202511161216,2568,2,139,12
624916,87af734bc7575ecba528b7c9dba063bb,10757,12030103,202511161216,2568,1,114,7
625048,87af734bc7575ecba528b7c9dba063bb,10757,12030103,202511161216,2568,2,120,12
625576,87af734bc7575ecba528b7c9dba063bb,10757,12030103,202511161216,2568,1,152,3
625582,87af734bc7575ecba528b7c9dba063bb,10757,12030103,202511161216,2568,1,6,27
626192,87af734bc7575ecba528b7c9dba063bb,10757,12030103,202511161216,2568,2,75,1
626875,87af734bc7575ecba528b7c9dba063bb,10757,12030103,202511161216,2568,1,204,1
627167,87af734bc7575ecba528b7c9dba063bb,10757,12030103,202511161216,2568,2,223,1
627413,87af734bc7575ecba528b7c9dba063bb,10757,12030103,202511161216,2568,1,122,1
628012,87af734bc7575ecba528b7c9dba063bb,10757,12030103,202511161216,2568,2,67,11
628777,87af734bc7575ecba528b7c9dba063bb,10757,12030103,202511161216,2568,1,196,12
629851,87af734bc7575ecba528b7c9dba063bb,10757,12030103,202511161216,2568,1,127,1
630465,87af734bc7575ecba528b7c9dba063bb,10757,12030103,202511161216,2568,1,216,11
631040,87af734bc7575ecba528b7c9dba063bb,10757,12030103,202511161216,2568,2,76,1
631316,87af734bc7575ecba528b7c9dba063bb,10757,12030103,202511161216,2568,2,103,10
631325,87af734bc7575ecba528b7c9dba063bb,10757,12030103,202511161216,2568,1,98,117
631380,87af734bc7575ecba528b7c9dba063bb,10757,12030103,202511161216,2568,1,213,40
631716,87af734bc7575ecba528b7c9dba063bb,10757,12030103,202511161216,2568,2,189,2
632065,87af734bc7575ecba528b7c9dba063bb,10757,12030103,202511161216,2568,2,116,3
632078,87af734bc7575ecba528b7c9dba063bb,10757,12030103,202511161216,2568,2,30,3
632470,87af734bc7575ecba528b7c9dba063bb,10757,12030103,202511161216,2568,2,84,3
633415,87af734bc7575ecba528b7c9dba063bb,10757,12030103,202511161216,2568,1,212,2
633717,87af734bc7575ecba528b7c9dba063bb,10757,12030103,202511161216,2568,1,59,1
633822,87af734bc7575ecba528b7c9dba063bb,10757,12030103,202511161216,2568,2,248,1
635386,87af734bc7575ecba528b7c9dba063bb,10757,12030103,202511161216,2568,1,192,24
635530,87af734bc7575ecba528b7c9dba063bb,10757,12030103,202511161216,2568,2,278,40
635666,87af734bc7575ecba528b7c9dba063bb,10757,12030103,202511161216,2568,2,96,2
635967,87af734bc7575ecba528b7c9dba063bb,10757,12030103,202511161216,2568,1,237,1
636428,87af734bc7575ecba528b7c9dba063bb,10757,12030103,202511161216,2568,2,95,1
640914,87af734bc7575ecba528b7c9dba063bb,10757,12030103,202511161216,2568,2,177,2
641260,87af734bc7575ecba528b7c9dba063bb,10757,12030103,202511161216,2568,1,32,11
642399,87af734bc7575ecba528b7c9dba063bb,10757,12030103,202511161216,2568,1,148,9
642672,87af734bc7575ecba528b7c9dba063bb,10757,12030103,202511161216,2568,1,207,24
647316,87af734bc7575ecba528b7c9dba063bb,10757,12030103,202511161216,2568,2,267,10
649246,87af734bc7575ecba528b7c9dba063bb,10757,12030103,202511161216,2568,1,199,10
649305,87af734bc7575ecba528b7c9dba063bb,10757,12030103,202511161216,2568,2,33,1
649326,87af734bc7575ecba528b7c9dba063bb,10757,12030103,202511161216,2568,2,185,7
650037,87af734bc7575ecba528b7c9dba063bb,10757,12030103,202511161216,2568,1,146,1
650721,87af734bc7575ecba528b7c9dba063bb,10757,12030103,202511161216,2568,2,214,11
650741,87af734bc7575ecba528b7c9dba063bb,10757,12030103,202511161216,2568,2,193,10
652149,87af734bc7575ecba528b7c9dba063bb,10757,12030103,202511161216,2568,2,241,10
652917,87af734bc7575ecba528b7c9dba063bb,10757,12030103,202511161216,2568,2,264,2
653751,87af734bc7575ecba528b7c9dba063bb,10757,12030103,202511161216,2568,2,152,1
654367,87af734bc7575ecba528b7c9dba063bb,10757,12030103,202511161216,2568,2,59,1
655601,87af734bc7575ecba528b7c9dba063bb,10757,12030103,202511161216,2568,2,201,2
656969,87af734bc7575ecba528b7c9dba063bb,10757,12030103,202511161216,2568,2,24,1
658175,87af734bc7575ecba528b7c9dba063bb,10757,12030103,202511161216,2568,1,151,172
659559,87af734bc7575ecba528b7c9dba063bb,10757,12030103,202511161216,2568,1,68,1
659867,87af734bc7575ecba528b7c9dba063bb,10757,12030103,202511161216,2568,2,117,2
660353,87af734bc7575ecba528b7c9dba063bb,10757,12030103,202511161216,2568,1,191,2
660519,87af734bc7575ecba528b7c9dba063bb,10757,12030103,202511161216,2568,2,39,8
660705,87af734bc7575ecba528b7c9dba063bb,10757,12030103,202511161216,2568,1,247,9
660990,87af734bc7575ecba528b7c9dba063bb,10757,12030103,202511161216,2568,2,133,215
661421,87af734bc7575ecba528b7c9dba063bb,10757,12030103,202511161216,2568,1,33,2
661488,87af734bc7575ecba528b7c9dba063bb,10757,12030103,202511161216,2568,1,284,19
662153,87af734bc7575ecba528b7c9dba063bb,10757,12030103,202511161216,2568,2,261,1
662399,87af734bc7575ecba528b7c9dba063bb,10757,12030103,202511161216,2568,2,168,57
662416,87af734bc7575ecba528b7c9dba063bb,10757,12030103,202511161216,2568,2,252,18
662878,87af734bc7575ecba528b7c9dba063bb,10757,12030103,202511161216,2568,2,4,1
663375,87af734bc7575ecba528b7c9dba063bb,10757,12030103,202511161216,2568,2,183,27
664144,87af734bc7575ecba528b7c9dba063bb,10757,12030103,202511161216,2568,2,190,5
664152,87af734bc7575ecba528b7c9dba063bb,10757,12030103,202511161216,2568,1,215,2
664712,87af734bc7575ecba528b7c9dba063bb,10757,12030103,202511161216,2568,1,209,9
664858,87af734bc7575ecba528b7c9dba063bb,10757,12030103,202511161216,2568,1,43,1
665151,87af734bc7575ecba528b7c9dba063bb,10757,12030103,202511161216,2568,1,283,1
665229,87af734bc7575ecba528b7c9dba063bb,10757,12030103,202511161216,2568,1,58,2
667129,87af734bc7575ecba528b7c9dba063bb,10757,12030103,202511161216,2568,2,65,1
667133,87af734bc7575ecba528b7c9dba063bb,10757,12030103,202511161216,2568,2,163,1
667616,87af734bc7575ecba528b7c9dba063bb,10757,12030103,202511161216,2568,2,148,9
669130,87af734bc7575ecba528b7c9dba063bb,10757,12030103,202511161216,2568,1,110,1
669794,87af734bc7575ecba528b7c9dba063bb,10757,12030103,202511161216,2568,1,257,2
670260,87af734bc7575ecba528b7c9dba063bb,10757,12030103,202511161216,2568,2,195,38
670462,87af734bc7575ecba528b7c9dba063bb,10757,12030103,202511161216,2568,2,276,1
672346,87af734bc7575ecba528b7c9dba063bb,10757,12030103,202511161216,2568,1,181,9
672667,87af734bc7575ecba528b7c9dba063bb,10757,12030103,202511161216,2568,2,247,10
672779,87af734bc7575ecba528b7c9dba063bb,10757,12030103,202511161216,2568,2,165,13
672863,87af734bc7575ecba528b7c9dba063bb,10757,12030103,202511161216,2568,2,119,2
674192,87af734bc7575ecba528b7c9dba063bb,10757,12030103,202511161216,2568,2,73,9
675184,87af734bc7575ecba528b7c9dba063bb,10757,12030103,202511161216,2568,2,174,1
675522,87af734bc7575ecba528b7c9dba063bb,10757,12030103,202511161216,2568,1,185,8
679165,87af734bc7575ecba528b7c9dba063bb,10757,12030103,202511161216,2568,1,102,3
679492,87af734bc7575ecba528b7c9dba063bb,10757,12030103,202511161216,2568,1,18,17
680913,87af734bc7575ecba528b7c9dba063bb,10757,12030103,202511161216,2568,1,120,8
682696,87af734bc7575ecba528b7c9dba063bb,10757,12030103,202511161216,2568,1,142,5
683417,87af734bc7575ecba528b7c9dba063bb,10757,12030103,202511161216,2568,1,87,2
684587,87af734bc7575ecba528b7c9dba063bb,10757,12030103,202511161216,2568,2,74,18
697886,87af734bc7575ecba528b7c9dba063bb,10757,12030103,202603020904,2569,1,153,21
697891,87af734bc7575ecba528b7c9dba063bb,10757,12030103,202603020904,2569,2,246,21
697893,87af734bc7575ecba528b7c9dba063bb,10757,12030103,202603020904,2569,2,281,21
697909,87af734bc7575ecba528b7c9dba063bb,10757,12030103,202603020904,2569,1,183,20
697910,87af734bc7575ecba528b7c9dba063bb,10757,12030103,202603020904,2569,1,113,20
697927,87af734bc7575ecba528b7c9dba063bb,10757,12030103,202603020904,2569,1,192,19
697929,87af734bc7575ecba528b7c9dba063bb,10757,12030103,202603020904,2569,2,197,19
697930,87af734bc7575ecba528b7c9dba063bb,10757,12030103,202603020904,2569,1,179,18
697931,87af734bc7575ecba528b7c9dba063bb,10757,12030103,202603020904,2569,2,6,18
697932,87af734bc7575ecba528b7c9dba063bb,10757,12030103,202603020904,2569,1,217,18
697934,87af734bc7575ecba528b7c9dba063bb,10757,12030103,202603020904,2569,2,233,18
698172,87af734bc7575ecba528b7c9dba063bb,10757,12030103,202603020904,2569,2,278,19
698176,87af734bc7575ecba528b7c9dba063bb,10757,12030103,202603020904,2569,1,156,18
698460,87af734bc7575ecba528b7c9dba063bb,10757,12030103,202603020904,2569,2,153,17
698544,87af734bc7575ecba528b7c9dba063bb,10757,12030103,202603020904,2569,2,183,16
698545,87af734bc7575ecba528b7c9dba063bb,10757,12030103,202603020904,2569,2,170,16
698549,87af734bc7575ecba528b7c9dba063bb,10757,12030103,202603020904,2569,2,273,16
698606,87af734bc7575ecba528b7c9dba063bb,10757,12030103,202603020904,2569,1,273,16
698610,87af734bc7575ecba528b7c9dba063bb,10757,12030103,202603020904,2569,1,285,15
698692,87af734bc7575ecba528b7c9dba063bb,10757,12030103,202603020904,2569,2,179,15
698696,87af734bc7575ecba528b7c9dba063bb,10757,12030103,202603020904,2569,1,6,15
698709,87af734bc7575ecba528b7c9dba063bb,10757,12030103,202603020904,2569,1,288,15
699249,87af734bc7575ecba528b7c9dba063bb,10757,12030103,202603020904,2569,1,147,14
699342,87af734bc7575ecba528b7c9dba063bb,10757,12030103,202603020904,2569,2,192,13
699473,87af734bc7575ecba528b7c9dba063bb,10757,12030103,202603020904,2569,2,249,13
699482,87af734bc7575ecba528b7c9dba063bb,10757,12030103,202603020904,2569,2,237,12
699490,87af734bc7575ecba528b7c9dba063bb,10757,12030103,202603020904,2569,2,198,12
699686,87af734bc7575ecba528b7c9dba063bb,10757,12030103,202603020904,2569,2,195,12
699687,87af734bc7575ecba528b7c9dba063bb,10757,12030103,202603020904,2569,1,194,12
699710,87af734bc7575ecba528b7c9dba063bb,10757,12030103,202603020904,2569,2,236,12
699717,87af734bc7575ecba528b7c9dba063bb,10757,12030103,202603020904,2569,2,216,12
699719,87af734bc7575ecba528b7c9dba063bb,10757,12030103,202603020904,2569,2,156,12
699727,87af734bc7575ecba528b7c9dba063bb,10757,12030103,202603020904,2569,1,96,12
699737,87af734bc7575ecba528b7c9dba063bb,10757,12030103,202603020904,2569,1,176,11
699746,87af734bc7575ecba528b7c9dba063bb,10757,12030103,202603020904,2569,1,131,11
699750,87af734bc7575ecba528b7c9dba063bb,10757,12030103,202603020904,2569,1,184,11
699788,87af734bc7575ecba528b7c9dba063bb,10757,12030103,202603020904,2569,2,150,11
699827,87af734bc7575ecba528b7c9dba063bb,10757,12030103,202603020904,2569,2,288,10
699828,87af734bc7575ecba528b7c9dba063bb,10757,12030103,202603020904,2569,1,7,10
699856,87af734bc7575ecba528b7c9dba063bb,10757,12030103,202603020904,2569,2,214,10
700033,87af734bc7575ecba528b7c9dba063bb,10757,12030103,202603020904,2569,2,131,10
700034,87af734bc7575ecba528b7c9dba063bb,10757,12030103,202603020904,2569,1,280,10
700041,87af734bc7575ecba528b7c9dba063bb,10757,12030103,202603020904,2569,1,284,10
700060,87af734bc7575ecba528b7c9dba063bb,10757,12030103,202603020904,2569,1,213,10
700078,87af734bc7575ecba528b7c9dba063bb,10757,12030103,202603020904,2569,1,145,9
700081,87af734bc7575ecba528b7c9dba063bb,10757,12030103,202603020904,2569,1,193,9
700083,87af734bc7575ecba528b7c9dba063bb,10757,12030103,202603020904,2569,2,145,9
700084,87af734bc7575ecba528b7c9dba063bb,10757,12030103,202603020904,2569,1,167,9
700088,87af734bc7575ecba528b7c9dba063bb,10757,12030103,202603020904,2569,2,274,9
700298,87af734bc7575ecba528b7c9dba063bb,10757,12030103,202603020904,2569,1,287,9
700340,87af734bc7575ecba528b7c9dba063bb,10757,12030103,202603020904,2569,2,147,9
700467,87af734bc7575ecba528b7c9dba063bb,10757,12030103,202603020904,2569,1,164,9
700578,87af734bc7575ecba528b7c9dba063bb,10757,12030103,202603020904,2569,2,124,8
700785,87af734bc7575ecba528b7c9dba063bb,10757,12030103,202603020904,2569,1,185,8
700786,87af734bc7575ecba528b7c9dba063bb,10757,12030103,202603020904,2569,1,126,8
700813,87af734bc7575ecba528b7c9dba063bb,10757,12030103,202603020904,2569,2,287,8
700863,87af734bc7575ecba528b7c9dba063bb,10757,12030103,202603020904,2569,2,126,8
700882,87af734bc7575ecba528b7c9dba063bb,10757,12030103,202603020904,2569,2,99,7
700912,87af734bc7575ecba528b7c9dba063bb,10757,12030103,202603020904,2569,1,214,7
701208,87af734bc7575ecba528b7c9dba063bb,10757,12030103,202603020904,2569,1,249,7
701258,87af734bc7575ecba528b7c9dba063bb,10757,12030103,202603020904,2569,2,142,7
701572,87af734bc7575ecba528b7c9dba063bb,10757,12030103,202603020904,2569,1,115,7
701644,87af734bc7575ecba528b7c9dba063bb,10757,12030103,202603020904,2569,1,272,7
701687,87af734bc7575ecba528b7c9dba063bb,10757,12030103,202603020904,2569,2,120,7
701720,87af734bc7575ecba528b7c9dba063bb,10757,12030103,202603020904,2569,1,199,6
702268,87af734bc7575ecba528b7c9dba063bb,10757,12030103,202603020904,2569,2,175,6
702337,87af734bc7575ecba528b7c9dba063bb,10757,12030103,202603020904,2569,1,191,6
702464,87af734bc7575ecba528b7c9dba063bb,10757,12030103,202603020904,2569,1,150,6
702473,87af734bc7575ecba528b7c9dba063bb,10757,12030103,202603020904,2569,2,97,6
703249,87af734bc7575ecba528b7c9dba063bb,10757,12030103,202603020904,2569,1,195,6
703311,87af734bc7575ecba528b7c9dba063bb,10757,12030103,202603020904,2569,1,209,6
703490,87af734bc7575ecba528b7c9dba063bb,10757,12030103,202603020904,2569,1,259,6
703676,87af734bc7575ecba528b7c9dba063bb,10757,12030103,202603020904,2569,1,63,6
703977,87af734bc7575ecba528b7c9dba063bb,10757,12030103,202603020904,2569,1,129,6
703984,87af734bc7575ecba528b7c9dba063bb,10757,12030103,202603020904,2569,2,234,6
703992,87af734bc7575ecba528b7c9dba063bb,10757,12030103,202603020904,2569,1,99,5
703996,87af734bc7575ecba528b7c9dba063bb,10757,12030103,202603020904,2569,2,184,5
704901,87af734bc7575ecba528b7c9dba063bb,10757,12030103,202603020904,2569,1,59,5
705175,87af734bc7575ecba528b7c9dba063bb,10757,12030103,202603020904,2569,1,61,5
705337,87af734bc7575ecba528b7c9dba063bb,10757,12030103,202603020904,2569,2,167,5
706280,87af734bc7575ecba528b7c9dba063bb,10757,12030103,202603020904,2569,2,39,5
706734,87af734bc7575ecba528b7c9dba063bb,10757,12030103,202603020904,2569,2,73,5
706736,87af734bc7575ecba528b7c9dba063bb,10757,12030103,202603020904,2569,2,185,5
706975,87af734bc7575ecba528b7c9dba063bb,10757,12030103,202603020904,2569,2,250,5
707683,87af734bc7575ecba528b7c9dba063bb,10757,12030103,202603020904,2569,2,41,5
707896,87af734bc7575ecba528b7c9dba063bb,10757,12030103,202603020904,2569,2,67,5
708147,87af734bc7575ecba528b7c9dba063bb,10757,12030103,202603020904,2569,2,206,5
708697,87af734bc7575ecba528b7c9dba063bb,10757,12030103,202603020904,2569,1,267,5
708784,87af734bc7575ecba528b7c9dba063bb,10757,12030103,202603020904,2569,1,152,4
708819,87af734bc7575ecba528b7c9dba063bb,10757,12030103,202603020904,2569,1,39,4
709137,87af734bc7575ecba528b7c9dba063bb,10757,12030103,202603020904,2569,2,102,4
709500,87af734bc7575ecba528b7c9dba063bb,10757,12030103,202603020904,2569,1,207,4
709510,87af734bc7575ecba528b7c9dba063bb,10757,12030103,202603020904,2569,2,272,4
709512,87af734bc7575ecba528b7c9dba063bb,10757,12030103,202603020904,2569,2,199,4
709525,87af734bc7575ecba528b7c9dba063bb,10757,12030103,202603020904,2569,2,149,4
709541,87af734bc7575ecba528b7c9dba063bb,10757,12030103,202603020904,2569,1,279,4
709552,87af734bc7575ecba528b7c9dba063bb,10757,12030103,202603020904,2569,2,231,4
709565,87af734bc7575ecba528b7c9dba063bb,10757,12030103,202603020904,2569,1,222,4
709867,87af734bc7575ecba528b7c9dba063bb,10757,12030103,202603020904,2569,2,103,4
710259,87af734bc7575ecba528b7c9dba063bb,10757,12030103,202603020904,2569,2,285,4
710520,87af734bc7575ecba528b7c9dba063bb,10757,12030103,202603020904,2569,2,74,4
711703,87af734bc7575ecba528b7c9dba063bb,10757,12030103,202603020904,2569,1,67,4
712360,87af734bc7575ecba528b7c9dba063bb,10757,12030103,202603020904,2569,2,7,3
712401,87af734bc7575ecba528b7c9dba063bb,10757,12030103,202603020904,2569,1,30,3
712407,87af734bc7575ecba528b7c9dba063bb,10757,12030103,202603020904,2569,2,194,3
713554,87af734bc7575ecba528b7c9dba063bb,10757,12030103,202603020904,2569,2,203,3
715306,87af734bc7575ecba528b7c9dba063bb,10757,12030103,202603020904,2569,1,18,3
715317,87af734bc7575ecba528b7c9dba063bb,10757,12030103,202603020904,2569,1,84,3
715876,87af734bc7575ecba528b7c9dba063bb,10757,12030103,202603020904,2569,1,97,3
716057,87af734bc7575ecba528b7c9dba063bb,10757,12030103,202603020904,2569,2,63,3
716098,87af734bc7575ecba528b7c9dba063bb,10757,12030103,202603020904,2569,1,139,3
716143,87af734bc7575ecba528b7c9dba063bb,10757,12030103,202603020904,2569,2,191,3
716151,87af734bc7575ecba528b7c9dba063bb,10757,12030103,202603020904,2569,2,76,3
716239,87af734bc7575ecba528b7c9dba063bb,10757,12030103,202603020904,2569,2,204,3
716262,87af734bc7575ecba528b7c9dba063bb,10757,12030103,202603020904,2569,1,32,3
716344,87af734bc7575ecba528b7c9dba063bb,10757,12030103,202603020904,2569,1,65,3
716698,87af734bc7575ecba528b7c9dba063bb,10757,12030103,202603020904,2569,1,182,3
717632,87af734bc7575ecba528b7c9dba063bb,10757,12030103,202603020904,2569,2,61,3
734101,87af734bc7575ecba528b7c9dba063bb,10757,12030103,202603020904,2569,1,142,3
741325,87af734bc7575ecba528b7c9dba063bb,10757,12030103,202603020904,2569,2,265,3
741696,87af734bc7575ecba528b7c9dba063bb,10757,12030103,202603020904,2569,2,92,3
744698,87af734bc7575ecba528b7c9dba063bb,10757,12030103,202603020904,2569,1,58,3
745661,87af734bc7575ecba528b7c9dba063bb,10757,12030103,202603020904,2569,1,250,3
761552,87af734bc7575ecba528b7c9dba063bb,10757,12030103,202603020904,2569,2,165,3
766414,87af734bc7575ecba528b7c9dba063bb,10757,12030103,202603020904,2569,1,41,3
768367,87af734bc7575ecba528b7c9dba063bb,10757,12030103,202603020904,2569,1,77,3
768806,87af734bc7575ecba528b7c9dba063bb,10757,12030103,202603020904,2569,2,226,3
771088,87af734bc7575ecba528b7c9dba063bb,10757,12030103,202603020904,2569,1,120,3
772576,87af734bc7575ecba528b7c9dba063bb,10757,12030103,202603020904,2569,2,18,3
775184,87af734bc7575ecba528b7c9dba063bb,10757,12030103,202603020904,2569,1,190,2
778051,87af734bc7575ecba528b7c9dba063bb,10757,12030103,202603020904,2569,2,240,2
779049,87af734bc7575ecba528b7c9dba063bb,10757,12030103,202603020904,2569,1,196,2
779408,87af734bc7575ecba528b7c9dba063bb,10757,12030103,202603020904,2569,2,8,2
781764,87af734bc7575ecba528b7c9dba063bb,10757,12030103,202603020904,2569,1,248,2
782373,87af734bc7575ecba528b7c9dba063bb,10757,12030103,202603020904,2569,2,96,2
782861,87af734bc7575ecba528b7c9dba063bb,10757,12030103,202603020904,2569,1,206,2
784127,87af734bc7575ecba528b7c9dba063bb,10757,12030103,202603020904,2569,1,210,2
784938,87af734bc7575ecba528b7c9dba063bb,10757,12030103,202603020904,2569,2,207,2
785055,87af734bc7575ecba528b7c9dba063bb,10757,12030103,202603020904,2569,2,19,2
785944,87af734bc7575ecba528b7c9dba063bb,10757,12030103,202603020904,2569,2,252,2
786464,87af734bc7575ecba528b7c9dba063bb,10757,12030103,202603020904,2569,2,282,2
787999,87af734bc7575ecba528b7c9dba063bb,10757,12030103,202603020904,2569,2,227,2
788174,87af734bc7575ecba528b7c9dba063bb,10757,12030103,202603020904,2569,1,271,2
789169,87af734bc7575ecba528b7c9dba063bb,10757,12030103,202603020904,2569,2,178,2
790107,87af734bc7575ecba528b7c9dba063bb,10757,12030103,202603020904,2569,2,129,2
790428,87af734bc7575ecba528b7c9dba063bb,10757,12030103,202603020904,2569,2,235,2
791671,87af734bc7575ecba528b7c9dba063bb,10757,12030103,202603020904,2569,2,238,2
791673,87af734bc7575ecba528b7c9dba063bb,10757,12030103,202603020904,2569,1,140,2
792471,87af734bc7575ecba528b7c9dba063bb,10757,12030103,202603020904,2569,2,241,2
792473,87af734bc7575ecba528b7c9dba063bb,10757,12030103,202603020904,2569,2,146,2
792643,87af734bc7575ecba528b7c9dba063bb,10757,12030103,202603020904,2569,1,146,2
792802,87af734bc7575ecba528b7c9dba063bb,10757,12030103,202603020904,2569,1,19,2
793534,87af734bc7575ecba528b7c9dba063bb,10757,12030103,202603020904,2569,1,34,2
793987,87af734bc7575ecba528b7c9dba063bb,10757,12030103,202603020904,2569,2,84,2
797119,87af734bc7575ecba528b7c9dba063bb,10757,12030103,202603020904,2569,2,160,2
797206,87af734bc7575ecba528b7c9dba063bb,10757,12030103,202603020904,2569,2,280,2
799558,87af734bc7575ecba528b7c9dba063bb,10757,12030103,202603020904,2569,1,216,2
800214,87af734bc7575ecba528b7c9dba063bb,10757,12030103,202603020904,2569,2,224,2
800257,87af734bc7575ecba528b7c9dba063bb,10757,12030103,202603020904,2569,2,32,2
802414,87af734bc7575ecba528b7c9dba063bb,10757,12030103,202603020904,2569,2,229,2
802416,87af734bc7575ecba528b7c9dba063bb,10757,12030103,202603020904,2569,2,119,2
805898,87af734bc7575ecba528b7c9dba063bb,10757,12030103,202603020904,2569,1,165,2
809125,87af734bc7575ecba528b7c9dba063bb,10757,12030103,202603020904,2569,1,200,2
809605,87af734bc7575ecba528b7c9dba063bb,10757,12030103,202603020904,2569,2,200,2
810281,87af734bc7575ecba528b7c9dba063bb,10757,12030103,202603020904,2569,1,157,2
810613,87af734bc7575ecba528b7c9dba063bb,10757,12030103,202603020904,2569,1,60,2
815709,87af734bc7575ecba528b7c9dba063bb,10757,12030103,202603020904,2569,1,82,2
816387,87af734bc7575ecba528b7c9dba063bb,10757,12030103,202603020904,2569,2,230,2
816462,87af734bc7575ecba528b7c9dba063bb,10757,12030103,202603020904,2569,2,42,2
820020,87af734bc7575ecba528b7c9dba063bb,10757,12030103,202603020904,2569,1,137,1
821359,87af734bc7575ecba528b7c9dba063bb,10757,12030103,202603020904,2569,2,190,1
821387,87af734bc7575ecba528b7c9dba063bb,10757,12030103,202603020904,2569,2,75,1
823681,87af734bc7575ecba528b7c9dba063bb,10757,12030103,202603020904,2569,1,148,1
824577,87af734bc7575ecba528b7c9dba063bb,10757,12030103,202603020904,2569,1,208,1
824683,87af734bc7575ecba528b7c9dba063bb,10757,12030103,202603020904,2569,2,148,1
827376,87af734bc7575ecba528b7c9dba063bb,10757,12030103,202603020904,2569,2,267,1
829215,87af734bc7575ecba528b7c9dba063bb,10757,12030103,202603020904,2569,1,251,1
830226,87af734bc7575ecba528b7c9dba063bb,10757,12030103,202603020904,2569,1,16,1
830430,87af734bc7575ecba528b7c9dba063bb,10757,12030103,202603020904,2569,1,260,1
830571,87af734bc7575ecba528b7c9dba063bb,10757,12030103,202603020904,2569,2,157,1
830644,87af734bc7575ecba528b7c9dba063bb,10757,12030103,202603020904,2569,2,279,1
831254,87af734bc7575ecba528b7c9dba063bb,10757,12030103,202603020904,2569,1,102,1
831504,87af734bc7575ecba528b7c9dba063bb,10757,12030103,202603020904,2569,1,64,1
832223,87af734bc7575ecba528b7c9dba063bb,10757,12030103,202603020904,2569,2,169,249
832569,87af734bc7575ecba528b7c9dba063bb,10757,12030103,202603020904,2569,1,169,208
832666,87af734bc7575ecba528b7c9dba063bb,10757,12030103,202603020904,2569,1,110,1
834134,87af734bc7575ecba528b7c9dba063bb,10757,12030103,202603020904,2569,2,116,1
834185,87af734bc7575ecba528b7c9dba063bb,10757,12030103,202603020904,2569,1,8,1
834242,87af734bc7575ecba528b7c9dba063bb,10757,12030103,202603020904,2569,1,114,1
835785,87af734bc7575ecba528b7c9dba063bb,10757,12030103,202603020904,2569,2,239,118
835907,87af734bc7575ecba528b7c9dba063bb,10757,12030103,202603020904,2569,2,60,1
836402,87af734bc7575ecba528b7c9dba063bb,10757,12030103,202603020904,2569,2,133,102
836421,87af734bc7575ecba528b7c9dba063bb,10757,12030103,202603020904,2569,2,253,96
836495,87af734bc7575ecba528b7c9dba063bb,10757,12030103,202603020904,2569,2,217,98
836773,87af734bc7575ecba528b7c9dba063bb,10757,12030103,202603020904,2569,2,151,97
837148,87af734bc7575ecba528b7c9dba063bb,10757,12030103,202603020904,2569,2,182,1
837288,87af734bc7575ecba528b7c9dba063bb,10757,12030103,202603020904,2569,1,253,89
837538,87af734bc7575ecba528b7c9dba063bb,10757,12030103,202603020904,2569,1,282,1
838416,87af734bc7575ecba528b7c9dba063bb,10757,12030103,202603020904,2569,2,242,79
839055,87af734bc7575ecba528b7c9dba063bb,10757,12030103,202603020904,2569,2,98,74
839546,87af734bc7575ecba528b7c9dba063bb,10757,12030103,202603020904,2569,1,98,71
840292,87af734bc7575ecba528b7c9dba063bb,10757,12030103,202603020904,2569,1,151,64
840856,87af734bc7575ecba528b7c9dba063bb,10757,12030103,202603020904,2569,1,154,62
841824,87af734bc7575ecba528b7c9dba063bb,10757,12030103,202603020904,2569,1,175,60
842007,87af734bc7575ecba528b7c9dba063bb,10757,12030103,202603020904,2569,1,20,1
842070,87af734bc7575ecba528b7c9dba063bb,10757,12030103,202603020904,2569,1,4,1
842177,87af734bc7575ecba528b7c9dba063bb,10757,12030103,202603020904,2569,2,152,1
842984,87af734bc7575ecba528b7c9dba063bb,10757,12030103,202603020904,2569,2,104,55
843906,87af734bc7575ecba528b7c9dba063bb,10757,12030103,202603020904,2569,1,133,53
843907,87af734bc7575ecba528b7c9dba063bb,10757,12030103,202603020904,2569,2,276,1
843909,87af734bc7575ecba528b7c9dba063bb,10757,12030103,202603020904,2569,2,140,1
844315,87af734bc7575ecba528b7c9dba063bb,10757,12030103,202603020904,2569,1,104,51
844474,87af734bc7575ecba528b7c9dba063bb,10757,12030103,202603020904,2569,1,160,1
844479,87af734bc7575ecba528b7c9dba063bb,10757,12030103,202603020904,2569,1,212,1
844766,87af734bc7575ecba528b7c9dba063bb,10757,12030103,202603020904,2569,2,209,1
844770,87af734bc7575ecba528b7c9dba063bb,10757,12030103,202603020904,2569,1,62,1
845513,87af734bc7575ecba528b7c9dba063bb,10757,12030103,202603020904,2569,2,111,46
845816,87af734bc7575ecba528b7c9dba063bb,10757,12030103,202603020904,2569,1,103,1
846784,87af734bc7575ecba528b7c9dba063bb,10757,12030103,202603020904,2569,1,17,43
847092,87af734bc7575ecba528b7c9dba063bb,10757,12030103,202603020904,2569,1,168,42
847193,87af734bc7575ecba528b7c9dba063bb,10757,12030103,202603020904,2569,1,172,1
847287,87af734bc7575ecba528b7c9dba063bb,10757,12030103,202603020904,2569,2,168,42
847349,87af734bc7575ecba528b7c9dba063bb,10757,12030103,202603020904,2569,1,265,1
847572,87af734bc7575ecba528b7c9dba063bb,10757,12030103,202603020904,2569,1,71,1
847811,87af734bc7575ecba528b7c9dba063bb,10757,12030103,202603020904,2569,2,113,1
847847,87af734bc7575ecba528b7c9dba063bb,10757,12030103,202603020904,2569,2,4,1
849129,87af734bc7575ecba528b7c9dba063bb,10757,12030103,202603020904,2569,1,281,39
849395,87af734bc7575ecba528b7c9dba063bb,10757,12030103,202603020904,2569,1,274,39
849464,87af734bc7575ecba528b7c9dba063bb,10757,12030103,202603020904,2569,1,177,1
849806,87af734bc7575ecba528b7c9dba063bb,10757,12030103,202603020904,2569,1,80,1
851139,87af734bc7575ecba528b7c9dba063bb,10757,12030103,202603020904,2569,2,154,37
851266,87af734bc7575ecba528b7c9dba063bb,10757,12030103,202603020904,2569,1,277,1
851485,87af734bc7575ecba528b7c9dba063bb,10757,12030103,202603020904,2569,1,124,38
851592,87af734bc7575ecba528b7c9dba063bb,10757,12030103,202603020904,2569,1,87,1
851610,87af734bc7575ecba528b7c9dba063bb,10757,12030103,202603020904,2569,2,125,1
853091,87af734bc7575ecba528b7c9dba063bb,10757,12030103,202603020904,2569,2,155,35
853137,87af734bc7575ecba528b7c9dba063bb,10757,12030103,202603020904,2569,1,197,34
855927,87af734bc7575ecba528b7c9dba063bb,10757,12030103,202603020904,2569,1,278,33
856301,87af734bc7575ecba528b7c9dba063bb,10757,12030103,202603020904,2569,2,144,1
856411,87af734bc7575ecba528b7c9dba063bb,10757,12030103,202603020904,2569,2,186,1
856419,87af734bc7575ecba528b7c9dba063bb,10757,12030103,202603020904,2569,2,17,32
857843,87af734bc7575ecba528b7c9dba063bb,10757,12030103,202603020904,2569,1,204,1
857878,87af734bc7575ecba528b7c9dba063bb,10757,12030103,202603020904,2569,2,79,1
858221,87af734bc7575ecba528b7c9dba063bb,10757,12030103,202603020904,2569,1,38,1
858756,87af734bc7575ecba528b7c9dba063bb,10757,12030103,202603020904,2569,1,247,1
859681,87af734bc7575ecba528b7c9dba063bb,10757,12030103,202603020904,2569,2,176,29
860681,87af734bc7575ecba528b7c9dba063bb,10757,12030103,202603020904,2569,1,155,28
862741,87af734bc7575ecba528b7c9dba063bb,10757,12030103,202603020904,2569,2,284,26
863355,87af734bc7575ecba528b7c9dba063bb,10757,12030103,202603020904,2569,1,111,26
864804,87af734bc7575ecba528b7c9dba063bb,10757,12030103,202603020904,2569,1,170,25
864876,87af734bc7575ecba528b7c9dba063bb,10757,12030103,202603020904,2569,2,161,1
864910,87af734bc7575ecba528b7c9dba063bb,10757,12030103,202603020904,2569,2,212,1
865184,87af734bc7575ecba528b7c9dba063bb,10757,12030103,202603020904,2569,1,198,25
865598,87af734bc7575ecba528b7c9dba063bb,10757,12030103,202603020904,2569,2,213,24
865615,87af734bc7575ecba528b7c9dba063bb,10757,12030103,202603020904,2569,2,259,1
867147,87af734bc7575ecba528b7c9dba063bb,10757,12030103,202603020904,2569,1,246,23
867292,87af734bc7575ecba528b7c9dba063bb,10757,12030103,202603020904,2569,2,115,1
867372,87af734bc7575ecba528b7c9dba063bb,10757,12030103,202603020904,2569,2,171,1
867456,87af734bc7575ecba528b7c9dba063bb,10757,12030103,202603020904,2569,2,34,1
868991,87af734bc7575ecba528b7c9dba063bb,10757,12030103,202603020904,2569,2,177,1
868995,87af734bc7575ecba528b7c9dba063bb,10757,12030103,202603020904,2569,2,244,22
869737,87af734bc7575ecba528b7c9dba063bb,10757,12030103,202603020904,2569,2,62,1
